"","recording","Source","Year","Date","Subpopulation..if.specified.","Province.State","Latitude","Longitude","Introductory.Notes..if.noted.","Terminal.Strophe.type","Recordist","file.name","max_min_ratio","log_max_min_ratio","min_max_ratio","note_number","mid_to_long_ratio","max_mean_int","min_mean_int","med_note_durs","long_note_durs","short_note_durs","max_note_dur","max_onset_interval_dur","max_mean_dur","min_mean_dur","min_max_dur_ratio","remainder","PC1","PC2","PC3","PC4","poetry","prob_assignment"
"1","ML100883","Macaulay Library",1999,"31/05/1999","","New York",43.7669,-74.8172,"Descending","Triplet","Wilbur Hershberger","ML100883_terminal_strophes.wav",1.37152777777778,0.315925284765176,0.729113924050633,6,0.962765957446808,0.213403885933806,0.155595744680851,0.146681405141844,0.152354166666667,0.0551068262411348,0.158837322695035,0.307949911347518,0.119938386524823,0.116156545508274,0.968468468468468,0,0.648191831085729,-1.06386918124987,0.398498247073136,-0.427127412335135,1,0.999976724177909
"2","ML102373331","Macaulay Library",2018,"5/27/18","King's","Nova Scotia",45.0794,-64.5454,"Descending","Triplet","Devin Johnstone","ML102373331_terminal_strophes.wav",1.23404255319149,0.210295408836361,0.810344827586207,9,0.879656160458453,0.233915094339623,0.189551886792453,0.165084905660377,0.187669811320755,0.0645283018867924,0.201650943396226,0.282311320754717,0.154867924528302,0.119377358490566,0.770833333333333,0,0.443552742378009,-0.345650013339334,-0.288884468779795,0.278370770845628,1,0.996347527166704
"3","ML103667581","Macaulay Library",2018,"6/6/18","La Haute-Gaspésie","Quebec",48.9127,-66.1234,"Ascending","Triplet","Raphaël Nussbaumer","ML103667581_terminal_strophes.wav",1.19373219373219,0.177084696456272,0.837708830548926,6,0.843283582089552,0.226266057414292,0.189545074349442,0.18306490086741,0.217085811648079,0.0745219950433706,0.217085811648079,0.280267503097894,0.162004337050805,0.154444134655101,0.953333333333333,0,0.445648212273289,-0.0696957698917331,-0.585290783220864,0.415792987662675,1,0.987562533854888
"4","ML103860591","Macaulay Library",2018,"6/6/18","Saginaw","Michigan",43.3912,-83.9858,"Ascending","Doublet","Jason Parrish","WTSP10.wav",2.10975609756098,0.746572347233526,0.473988439306358,5,0.818840579710145,0.280816491168478,0.133103770380435,0.183423488451087,0.22400390625,0.133103770380435,0.274323624320652,0.300295091711957,0.236989639945652,0.0730447520380434,0.308219178082192,2,2.24958865302323,1.07970691247785,0.245890038042162,0.698715859630607,2,0.999909424255613
"5","ML104303161","Macaulay Library",2018,"6/13/18","Addison","Vermont",43.9579,-73.0113,"Descending","Doublet","Roy Pilcher","ML104303161_terminal_strophes.wav",1.57142857142857,0.451985123743057,0.636363636363636,5,0.951219512195122,0.215355086372361,0.137044145873321,0.0954414587332054,0.100335892514395,0.0407869481765835,0.143570057581574,0.225143953934741,0.141938579654511,0.049488163787588,0.348659003831418,2,-0.266595780517457,-0.671463950762985,1.48102588029411,0.495732415046388,2,0.99943743999258
"6","ML104716561","Macaulay Library",2018,"6/16/18","Hancock","Maine",44.3443,-68.0561,"Descending","Triplet","Phil Green","ML104716561_terminal_strophes.wav",1.208,0.188966099512623,0.827814569536424,6,0.987704918032787,0.244465883027523,0.202372419724771,0.195087012614679,0.197515481651376,0.0607117259174312,0.208848337155963,0.314081995412844,0.156501337920489,0.145708142201835,0.93103448275862,0,1.07298496693666,-1.04723894597972,-0.506982168105576,0.187954626463982,1,0.999997936582013
"7","ML104970781","Macaulay Library",2018,"5/9/18","Houghton","Michigan",46.5486,-88.9321,"Descending","Doublet","Damon Haan","ML104970781_terminal_strophes.wav",1.10454545454545,0.0994338969881873,0.905349794238683,11,0.62171052631579,0.157101503394762,0.142231813773036,0.076368786372454,0.122836566440349,0.0495656320724216,0.129301648884578,0.185871120271581,0.0918041707080504,0.0810829089880375,0.883215962441315,2,-2.28933106930584,0.750304234505749,0.316774225925011,0.13307919424955,3,0.954106621724272
"8","ML105213831","Macaulay Library",2018,"5/26/18","Hamilton","New York",43.9971,-74.7386,"Ascending","Triplet","Glen Chapman","ML105213831_terminal_strophes.wav",1.12669683257919,0.119290194946955,0.887550200803213,9,0.827361563517915,0.201172524810964,0.17855071479206,0.136808089161941,0.1653546589477,0.0538614524259609,0.171279418714556,0.273077563799622,0.130236991965973,0.104221910444234,0.800248138957816,0,-0.322791072682191,-0.375089670064337,-0.33169879490261,-0.0763271003603375,1,0.970622130394447
"9","ML105680731","Macaulay Library",2018,"6/16/18","Essex","New York",43.8147,-73.5869,"ascending","Triplet","Malinda Chapman","ML105680731_terminal_strophes.wav",1.14760914760915,0.137680776171334,0.871376811594203,9,0.977401129943503,0.22279049744898,0.194134473320578,0.186196889172336,0.190502019557823,0.0581192602040817,0.193730867346939,0.285753029336735,0.160150850340136,0.12592506377551,0.786290322580646,0,0.433423288750555,-1.08486214353319,-0.369950612462081,0.383447387977612,1,0.999991296856648
"10","ML105954241","Macaulay Library",2018,"6/29/18","Fort MacLeod","Alberta",49.4189,-114.1181,"Descending","Doublet","Pat Lucas","ML105954241_terminal_strophes.wav",2.7926267281106,1.02698263252885,0.358085808580858,7,0.823119777158774,0.326506006006006,0.116917167167167,0.159212087087087,0.193425175175175,0.157595720720721,0.279631381381381,0.339436936936937,0.257002252252252,0.0619607107107107,0.241090146750524,1,3.08550262335724,1.17838716913114,0.428916382513138,0.199131913242176,2,0.999988832637104
"12","ML106300881","Macaulay Library",2018,"6/25/18","Caribou","British Columbia",51.9814,-122.6151,"Descending","Doublet","John Woods","ML106300881_terminal_strophes_retrim2024.wav",2.96666666666667,1.08743898806998,0.337078651685393,5,0.667630057803468,0.36046802662037,0.121506076388889,0.187119357638889,0.280274016203704,0.18630931712963,0.302955150462963,0.372618634259259,0.292694637345679,0.0745237268518519,0.254612546125461,2,3.47045217466852,2.16809085948264,-0.127884172953876,-0.359903257102633,2,0.999965463985946
"13","ML106441141","Macaulay Library",2018,"6/25/18","Penobscot","Maine",44.8674,-68.727,"Descending","Triplet","Louise Venne","ML106441141_terminal_strophes.wav",1.11845730027548,0.111950325336882,0.894088669950739,6,0.757085020242915,0.219378121098627,0.196143492509363,0.151565426029962,0.200196044007491,0.0534936797752809,0.215595739700375,0.301509831460674,0.139407771535581,0.130762328339576,0.937984496124031,0,0.347113734728251,0.242259822786584,-1.06426459420654,-0.096440619080068,1,0.772809304283967
"14","ML106497711","Macaulay Library",2018,"7/4/18","Whitehorse","Yukon",60.7342,-135.0666,"Ascending","Doublet","Cameron Eckert","ML106497711_terminal_strophes.wav",1.23529411764706,0.211309093667207,0.809523809523809,8,0.654320987654321,0.170103908188586,0.137703163771712,0.0572413151364764,0.0874820099255583,0.0413109491315137,0.131223014888337,0.183064205955335,0.0765467586848635,0.0526512096774194,0.687830687830688,2,-1.97628669248231,0.760946865905368,0.765978339143838,0.253108321158622,3,0.916696594535608
"15","ML106877561","Macaulay Library",2018,"6/28/18","Vilas","Wisconsin",45.9912,-89.4603,"Ascending","Doublet","Brian Collins","ML106877561_terminal_strophes_retrim2024.wav",1.27710843373494,0.244598486315469,0.783018867924529,6,0.623188405797102,0.172826086956522,0.135326086956522,0.0701086956521739,0.1125,0.0383152173913044,0.12554347826087,0.176086956521739,0.075,0.0722826086956522,0.96376811594203,0,-2.11556136198454,0.969318637157083,0.939694356740898,0.199139390365627,3,0.945405982786721
"16","ML106961551","Macaulay Library",2018,"7/9/18","Middlesex","Ontario",42.972,-81.3248,"Ascending","Doublet","Laure Neish","ML106961551_terminal_strophes.wav",1.88325991189427,0.633004270895413,0.530994152046783,6,0.966666666666667,0.231604313380282,0.12298053599374,0.0942670187793428,0.0975176056338028,0.0893911384976526,0.149526995305164,0.234042253521127,0.144651115023474,0.0427993935837246,0.295880149812734,0,0.218663351864979,-0.553835769874857,1.83129560028063,0.45768082193426,2,0.999924371878861
"17","ML107292","Macaulay Library",2000,"26/03/2000","","Maryland",39.1667,-77.2083,"Ascending","Triplet","Wilbur Hershberger","ML107292_terminal_strophes.wav",1.07107843137255,0.0686660206914284,0.933638443935927,9,0.658333333333333,0.176763719512195,0.165033404029693,0.0852133262636974,0.129437963944857,0.0679549310710498,0.140763785790032,0.254022004241782,0.0961076882290562,0.0918200556733828,0.955387205387205,0,-1.36410891162446,0.351607073512739,-0.324863973948821,-0.585408681054218,3,0.86263941645524
"18","ML107795761","Macaulay Library",2018,"6/18/18","Hancock","Maine",44.3443,-68.0561,"Descending","Triplet","Laura Gooch","ML107795761_terminal_strophes.wav",1.09208819714656,0.0880916406789976,0.915676959619952,6,0.848484848484848,0.227321205357143,0.208152790178571,0.181425,0.213822321428571,0.059125111607143,0.225161383928571,0.296435491071429,0.156047098214286,0.146867857142857,0.941176470588236,0,0.527794055729218,-0.235697757617214,-1.09555468028414,0.319513321602253,1,0.989662959747209
"19","ML108297581","Macaulay Library",2018,"6/15/18","Hancock","Maine",44.364,-68.0389,"Descending","Triplet","David Kazdan","ML108297581_terminal_strophes.wav",1.32244897959184,0.279485305247603,0.756172839506173,5,0.953191489361702,0.26346412386707,0.199224414652568,0.182148036253776,0.191092805891239,0.0561081004531722,0.196784932024169,0.27484837613293,0.143116314199396,0.123600453172205,0.863636363636363,2,0.598844330209363,-0.67913018206317,0.132253791186726,0.488712188427122,1,0.999943136669345
"20","ML117995","Macaulay Library",2004,"6/6/04","","New York",44.2033,-74.6619,"Ascending","Triplet","Benjamin Clock","ML117995_terminal_strophes.wav",1.04470588235294,0.0437353935078077,0.957207207207207,9,0.847908745247148,0.179470982142857,0.171790917591699,0.120186273326898,0.141744349259974,0.0716806024774775,0.151984435328185,0.271631756756757,0.11641361003861,0.10469140625,0.899305555555556,0,-0.701746240552043,-0.753663063971878,-0.407070938501012,-0.228469377823199,1,0.988645188320739
"21","ML120334251","Macaulay Library",2018,"5/29/18","Sept-Rivières","Quebec",50.3225,-66.7726,"Ascending","Triplet","Jocelyn Lauzon","WTSP75.wav",1.19672131147541,0.17958557697508,0.835616438356164,6,0.99601593625498,0.236320984162896,0.197473699095023,0.202329609728507,0.203138928167421,0.0501777432126697,0.207185520361991,0.296210548642534,0.154310049019608,0.149454138386124,0.968531468531468,0,0.84195524850584,-1.06342054936879,-0.393122203509917,0.439919669556461,1,0.999999548545963
"22","ML121581051","Macaulay Library",2018,"5/27/18","La Haute-Côte-Nord","Quebec",48.158,-69.665,"Descending","Doublet","Jocelyn Lauzon","WTSP58.wav",2.19444444444445,0.785928914010912,0.455696202531645,9,0.885906040268456,0.286762431569343,0.13067655109489,0.141969586374696,0.160253548256286,0.105939426196269,0.219407542579076,0.306525243309003,0.201338686131387,0.0544485629562044,0.270432692307692,0,1.88911815773885,0.314345740976567,0.891802184495728,0.0914487013179223,2,0.999960559613825
"23","ML122289641","Macaulay Library",2018,"5/3/18","Stark","Ohio",40.9834,-81.3132,"Ascending","Doublet","Kent Miller","ML122289641_terminal_strophes.wav",2.44871794871795,0.895564601357038,0.408376963350785,5,0.677304964539007,0.309954226501306,0.126578165796345,0.154977113250653,0.228814376631854,0.131446556788512,0.246665143603133,0.318068211488251,0.227732511966928,0.0592320904046998,0.260095011876485,2,2.0263442961283,1.75428213222565,0.486712341720112,-0.250522068053157,2,0.999963864409941
"24","ML122306271","Macaulay Library",2018,"5/30/18","Sept-Rivières","Quebec",50.3225,-66.7726,"Ascending","Triplet","Jocelyn Lauzon","WTSP76.wav",1.05645161290323,0.0549157575961151,0.946564885496183,6,0.889273356401384,0.212148072429907,0.20081191588785,0.208099445093458,0.234010660046729,0.103644859813084,0.263970502336449,0.273687207943925,0.20081191588785,0.16302472741433,0.811827956989247,0,0.703178558804864,-0.173663644545565,-1.39132965119879,1.22387653745905,1,0.997795847409616
"25","ML122576641","Macaulay Library",2018,"5/27/18","La Haute-Côte-Nord","Quebec",48.158,-69.665,"Ascending","Triplet","Jocelyn Lauzon","ML122576641_terminal_strophes.wav",1.09838472834067,0.0938406718249644,0.910427807486632,6,0.799086757990868,0.202257776230269,0.184141103760446,0.141959000696379,0.177651549442897,0.0592171831476323,0.183329909470752,0.261204561281337,0.129250290157846,0.123301532033426,0.95397489539749,0,-0.444894704825786,-0.12998222170844,-0.500125925618364,0.175690737820718,1,0.937344699305452
"26","ML124298691","Macaulay Library",2018,"6/22/18","Brome-Missiquoi","Quebec",45.107,-72.6156,"Descending","Triplet","Jocelyn Lauzon","ML124298691_terminal_strophes.wav",1.13627254509018,0.127753207976233,0.880070546737214,9,0.788690476190476,0.228858435647756,0.201411568585944,0.142616073948631,0.180826418289585,0.0457447784363534,0.188899026248942,0.301915537679932,0.135942718035563,0.106962055461473,0.786817102137768,0,0.152914017469311,-0.106300819122959,-0.712114392762289,-0.358486360815718,1,0.886765044657502
"27","ML136579","Macaulay Library",2011,"2/7/11","","New York",44.4818,-74.4088,"Descending","Triplet","Sean O'Brien","ML136579_terminal_strophes.wav",1.21237693389592,0.192582840860452,0.824825986078886,6,0.969827586206897,0.232721635949267,0.191954852853746,0.18223561979786,0.187905172413793,0.0607452065992866,0.189525044589774,0.29967635255648,0.1447085810543,0.142548751486326,0.985074626865672,0,0.657229777845882,-1.03171025011485,-0.235784687255817,0.10717459458525,1,0.999987495688284
"28","ML136588","Macaulay Library",2011,"6/7/11","","New York",37.3541,-121.9552,"Descending","Triplet","Sean O'Brien","WTSP48.wav",1.23348017621145,0.209839585687847,0.810714285714286,6,0.913419913419913,0.226938168846611,0.183982015457788,0.171014120095125,0.187223989298454,0.0567345422116527,0.201002378121284,0.296640606420927,0.138864546175188,0.1377838882283,0.992217898832685,0,0.672453939246922,-0.590605353307045,-0.337440018177123,0.151443261444985,1,0.999512517316495
"29","ML140282","Macaulay Library",2008,"5/7/08","","Vermont",43.5874,-73.1307,"Descending","Triplet","Hope Batcheller","ML140282_terminal_strophes.wav",1.17025862068965,0.15722476770768,0.85451197053407,9,0.940625,0.219106950196164,0.187229511769834,0.161942767364138,0.172165068294101,0.0538015838419064,0.187229511769834,0.269545935047951,0.143973038360942,0.110965766673932,0.770739910313901,0,0.139635276623211,-0.837881262357588,-0.174363962201629,0.437263909814611,1,0.999847824380211
"30","ML143538121","Macaulay Library",2019,"3/3/19","","South Carolina",32.8118,-79.8418,"Ascending","Triplet","Takayuki Uchida","ML143538121_terminal_strophes.wav",1.39094650205761,0.32998445214247,0.718934911242604,6,0.637223974763407,0.273642998866213,0.196731505102041,0.163538123582766,0.256641510770975,0.0615291950113378,0.307645975056689,0.380509495464853,0.184047855253212,0.137091364323507,0.744868035190616,0,2.53058070181633,1.65465051109355,-1.88565186959724,-0.398085688103623,3,0.943094255154257
"31","ML146267","Macaulay Library",2005,"26/06/2005","","Manitoba",51.6667,-100.9167,"Descending","Doublet","Mark Robbins","ML146267_terminal_strophes.wav",2.81313131313131,1.03429820923275,0.355475763016158,7,0.7734375,0.300409171195652,0.106788179347826,0.133485224184783,0.172586956521739,0.128631216032609,0.24755441576087,0.32198254076087,0.223284375,0.04961875,0.222222222222222,1,2.42295940709749,1.29368367940712,0.799899929030198,-0.0734930972247404,2,0.99999430171454
"32","ML148001361","Macaulay Library",2019,"3/29/19","","Washington",46.6526,-122.9841,"Descending","Doublet","Rachel Hudson","ML148001361_terminal_strophes.wav",1.09248554913295,0.0884554205618636,0.915343915343915,9,0.588235294117648,0.153256747159091,0.140282630997475,0.0702764625420876,0.119469986321549,0.0470311710858586,0.132984690656566,0.16866351010101,0.0875752840909091,0.0681141098484849,0.777777777777778,0,-2.54463886118,1.00578769388623,0.312149499693684,0.34093669582226,3,0.984682277661636
"33","ML148303661","Macaulay Library",2019,"3/31/19","","New York",41.1098,-73.8352,"ascending","Triplet","valerie heemstra","WTSP63.wav",1.01960784313725,0.0194180858571011,0.980769230769231,6,0.838709677419355,0.0854435483870968,0.0838004032258065,0.0427217741935484,0.0509375,0.0345060483870968,0.0624395161290322,0.121592741935484,0.0536760752688172,0.0317674731182796,0.591836734693878,0,-3.54778245004687,-0.903423605915009,1.34670497071349,0.752013241405956,1,0.940444508911826
"34","ML149149781","Macaulay Library",2019,"4/5/19","","New York",40.7662,-73.9744,"Descending","Doublet","Mickey Ryan","ML149149781_terminal_strophes.wav",1.13227513227513,0.12422899996221,0.883177570093458,6,0.981132075471698,0.230914089347079,0.203938144329897,0.210412371134021,0.214458762886598,0.0841649484536083,0.215268041237113,0.304288659793814,0.169948453608248,0.169408934707904,0.996825396825396,0,0.869508272360163,-1.0328115718767,-0.745684623171748,0.401402474111698,1,0.999995990112817
"35","ML149162841","Macaulay Library",2019,"4/5/19","","New Jersey",41.0365,-74.1272,"Descending","Triplet","Krzysztof Bystrowski","ML149162841_terminal_strophes.wav",1.31896551724138,0.276847730286071,0.758169934640523,6,0.843260188087774,0.24762005687974,0.187738082340195,0.217679069609967,0.258139863217768,0.105198063380282,0.27189653304442,0.326923212351029,0.212554035752979,0.174790628385699,0.82233502538071,0,1.82295094429221,0.318652964698354,-1.08519391312659,0.420320640049837,1,0.98455156313112
"36","ML149181651","Macaulay Library",2019,"4/4/19","","Ohio",40.0004,-82.0054,"Ascending","Doublet","Lori McCollister","ML149181651_terminal_strophes.wav",2.4496644295302,0.895951047637033,0.408219178082192,5,0.694690265486726,0.296346414073072,0.120974289580514,0.127469553450609,0.183491204330176,0.125033829499323,0.214343707713126,0.300405953991881,0.200270635994587,0.0438430311231393,0.218918918918919,2,1.49108360760094,1.47976920328406,0.937192848849354,-0.360030615956797,2,0.999990128478587
"37","ML149181731","Macaulay Library",2019,"4/4/19","","Ohio",40.0004,-82.0054,"Ascending","Doublet","Lori McCollister","ML149181731_terminal_strophes.wav",2.63013698630137,0.967035930879391,0.380208333333333,6,0.987012987012987,0.311566451612903,0.118460161290323,0.123328387096774,0.124951129032258,0.117648790322581,0.204465483870968,0.316434677419355,0.199597258064516,0.0443549462365591,0.222222222222222,0,2.24739012805649,-0.266602882640019,1.41793491660169,-0.0042806006055763,2,0.999995086634996
"38","ML149539611","Macaulay Library",2019,"4/7/19","","Kentucky",38.3504,-85.6149,"Ascending","Doublet","Sunil Thirkannad","ML149539611_terminal_strophes.wav",1.27741935483871,0.244841913775288,0.782828282828283,6,0.951612903225807,0.161516314779271,0.126439539347409,0.096257197696737,0.101151631477927,0.0391554702495202,0.115834932821497,0.213723608445297,0.0951695457453615,0.0625399872040947,0.657142857142857,0,-1.10477383633946,-1.1030122082777,1.20151581788007,0.348041263720934,1,0.999394774081055
"39","ML149676381","Macaulay Library",2019,"4/7/19","","Missouri",39.0972,-92.3515,"Descending","Doublet","Joanna Reuter","ML149676381_terminal_strophes_retrim2024.wav",1.11409395973154,0.108041482411085,0.897590361445782,11,0.520689655172413,0.160734446322908,0.144273689771767,0.0609209372358411,0.117000475486053,0.0484139898562975,0.133945371935757,0.177517962806424,0.0819810228233306,0.0745037510566356,0.908792650918634,2,-2.52294869767695,1.40349931163298,0.231883218833761,0.0607524501592735,3,0.997098572918814
"40","ML149714511","Macaulay Library",2019,"4/7/19","","North Carolina",35.9692,-78.6426,"Descending","Triplet","LynnErla Beegle","ML149714511_terminal_strophes.wav",1.12256809338521,0.115619001052934,0.890814558058926,9,0.8575,0.232700205364212,0.207292730601742,0.184439446423859,0.215089733438902,0.0747436823700185,0.224231047110055,0.333926811163896,0.164866280680918,0.149621795823436,0.907534246575343,0,1.04004596353977,-0.369544859672834,-1.2222024436268,-0.201463177746542,1,0.99241452287701
"41","ML149927141","Macaulay Library",2019,"4/8/19","","Kentucky",38.2818,-85.5584,"Ascending","Doublet","Sunil Thirkannad","ML149927141_terminal_strophes.wav",2.37701149425287,0.86584402397969,0.420696324951644,6,0.982248520710059,0.279583333333333,0.117619680851064,0.134654255319149,0.137087765957447,0.120053191489362,0.210904255319149,0.283909574468085,0.202792553191489,0.0584042553191489,0.288,0,1.82239628242804,-0.162032283721384,1.39768841067944,0.529035305244412,2,0.999957354686338
"42","ML150335931","Macaulay Library",2019,"4/11/19","","Massachusetts",42.6221,-70.8142,"UpDown","Triplet","Phil Brown","ML150335931_terminal_strophes_retrim2024.wav",1.19454770755886,0.177767626340597,0.837136929460581,6,0.844594594594595,0.259560426540284,0.217287618483412,0.201940165876777,0.239097156398104,0.0864303909952608,0.24879028436019,0.327950829383886,0.176630331753555,0.17501481042654,0.990853658536585,0,1.365005256278,-0.00215178357343935,-1.20506199352898,0.141979819993264,1,0.989087343946868
"43","ML150436551","Macaulay Library",2019,"4/10/19","","Virginia",38.7257,-77.5437,"Ascending","Triplet","Kelly Krechmer","ML150436551_terminal_strophes.wav",1.03299856527977,0.0324658012495773,0.968055555555555,12,0.899209486166008,0.231870629370629,0.224463650932401,0.183161695075757,0.203691907051282,0.0619931891025642,0.217378715034965,0.301109775641025,0.149749781468531,0.149481412684538,0.998207885304659,0,0.459286195723784,-0.692728594415997,-1.20992319560454,0.292971727190652,1,0.999022918674236
"44","ML150470201","Macaulay Library",2019,"4/11/19","","Maryland",39.0545,-76.7229,"Descending","Triplet","Elissa Weidaw","ML150470201_terminal_strophes.wav",1.10215053763441,0.0972633054252069,0.907317073170732,6,0.911660777385159,0.221488595438175,0.200960384153661,0.20906362545018,0.229321728691477,0.093187274909964,0.23499399759904,0.298199279711885,0.180432172869148,0.173949579831933,0.964071856287425,0,0.812940729319041,-0.517492282583329,-1.08462198804597,0.567528462447393,1,0.999430806407589
"45","ML150584681","Macaulay Library",2019,"4/12/19","Rockland","New York",41.0428,-73.8975,"Descending","Triplet","valerie heemstra","ML150584681_terminal_strophes.wav",1.10933333333333,0.103759234290852,0.901442307692308,6,0.943965517241379,0.22478221113882,0.202628195137157,0.17750229894015,0.188038965087282,0.0534938435162094,0.213975374064838,0.28367947319202,0.146972984206151,0.132383754156276,0.900735294117647,0,0.488433070198857,-0.796022127258324,-0.719749489243138,0.588444461239102,1,0.99990042828501
"46","ML150761041","Macaulay Library",2019,"4/11/19","","Rhode Island",41.6682,-71.255,"Ascending","Triplet","Luis Mendes","WTSP73.wav",1.06989247311828,0.0675581510112909,0.934673366834171,6,0.715447154471545,0.214833804143126,0.200799435028249,0.142502824858757,0.199180084745763,0.0501998587570622,0.202418785310734,0.280147598870057,0.131167372881356,0.130087806026365,0.991769547325103,0,-0.246181756176119,0.381071078651168,-1.02031916238902,-0.0513276625517919,3,0.503462558957843
"48","ML150778241","Macaulay Library",2019,"4/13/19","Botetourt","Virginia",37.4343,-79.9154,"Hi Descending","Triplet","Paul Droubay","ML150778241_terminal_strophes.wav",1.06507304116866,0.0630433800666209,0.938902743142145,6,0.834586466165414,0.216601493139629,0.203367736077482,0.179871065375303,0.215521186440678,0.0891253026634382,0.217141646489104,0.277098668280872,0.164206618240517,0.158805084745763,0.967105263157895,0,0.120435887367941,-0.193671890519082,-1.00515512718068,0.463199371322507,1,0.983005957729447
"50","ML150818621","Macaulay Library",2019,"4/11/19","","Pennsylvania",39.8811,-76.6873,"Ascending","Triplet","Chuck Berthoud","ML150818621_terminal_strophes.wav",1.01222493887531,0.012150817782513,0.98792270531401,7,0.984528832630098,0.223248106060606,0.220551872895623,0.188736321548822,0.191702178030303,0.0598563762626262,0.198982007575758,0.305752840909091,0.161369554924242,0.141282617845118,0.875522138680034,1,0.429086331795063,-1.36483895793974,-1.04034607300704,0.212146309605753,1,0.999996589277548
"51","ML151217311","Macaulay Library",2019,"4/4/19","","Ohio",40.0004,-82.0054,"Ascending","Doublet","Lori McCollister","ML151217311_terminal_strophes.wav",2.32098765432099,0.84199280815751,0.430851063829787,7,0.865030674846626,0.304246832101373,0.131085071277719,0.152123416050686,0.175858984512496,0.135940073917635,0.247605134635692,0.32204850844773,0.222116370776135,0.0717461501231961,0.32301153612629,1,2.41245155838474,0.631698747452451,0.596729651603571,0.165762857942395,2,0.999796058347445
"52","ML151240401","Macaulay Library",2019,"4/15/19","New London","Connecticut",41.3543,-71.9664,"Ascending","Triplet","Will Sweet","ML151240401_terminal_strophes.wav",1.07317073170732,0.0706175672139534,0.931818181818182,6,0.870503597122302,0.213999367888748,0.199408501896334,0.196166087231353,0.225347819216182,0.0948406289506953,0.241559892541087,0.275605246523388,0.173469184576485,0.170767172355668,0.984423676012461,0,0.472627616592968,-0.206371963158672,-1.15190635306335,0.871232015839612,1,0.996204576767121
"53","ML151764121","Macaulay Library",2019,"4/17/19","","Michigan",42.4086,-85.382,"Descending","Doublet","Thomas Koffel","WTSP22.wav",1.0406976744186,0.0398913290273018,0.960893854748604,6,0.411042944785276,0.146053130929791,0.14034155597723,0.0546679316888045,0.132998102466793,0.0440607210626186,0.133814041745731,0.181138519924099,0.077786211258697,0.0766982922201138,0.986013986013986,0,-2.87891049079375,1.90372814476406,-0.200827144966429,-0.242919558077104,3,0.999836187093273
"54","ML152040921","Macaulay Library",2019,"4/19/19","","New York",40.5923,-73.8914,"UpDown","Triplet","Tom Preston","ML152040921_terminal_strophes_retrim2024.wav",1.24159021406728,0.21639298870448,0.805418719211822,6,0.958715596330275,0.219283266129032,0.17661484735023,0.169323408698157,0.17661484735023,0.0518502304147465,0.183096126152074,0.309481062788019,0.133406322004608,0.131786002304147,0.987854251012146,0,0.727842141584446,-1.01044424754888,-0.172404792790995,-0.141127807288831,1,0.9999695647441
"55","ML152069651","Macaulay Library",2019,"4/19/19","","Vermont",43.5288,-73.213,"descending","Doublet","Joel Tilley","ML152069651_terminal_strophes.wav",1.28465804066544,0.250492566718311,0.77841726618705,12,0.969604863221885,0.223904639175258,0.174291237113402,0.128463273195876,0.132490335051546,0.115576675257732,0.196520618556701,0.289948453608247,0.140410223367698,0.110609965635739,0.787762906309751,0,0.746573245839936,-0.864268952338935,-0.0403021501171923,0.318701150498561,1,0.999982057667679
"57","ML152125251","Macaulay Library",2019,"4/19/19","","Maryland",39.1587,-76.4856,"Ascending","Triplet","Jeff Shenot","ML152125251_terminal_strophes.wav",2.18978102189781,0.783801548828076,0.456666666666667,5,0.789719626168224,0.24442538593482,0.111620926243568,0.137692967409948,0.174356775300172,0.123027444253859,0.198799313893654,0.263979416809605,0.179788450543168,0.0782161234991423,0.435045317220544,2,0.957479482406401,0.852781413815856,1.24746638810047,0.200299034490796,2,0.990573182056503
"58","ML152366311","Macaulay Library",2019,"4/20/19","","Vermont",43.457,-73.1619,"Ascending","Triplet","G & B","ML152366311_terminal_strophes.wav",1.12139917695473,0.11457717076275,0.891743119266055,9,0.879679144385027,0.219844005937756,0.19604437960688,0.176950894075894,0.201153903903904,0.051095242970243,0.211372952497953,0.285595515970516,0.158771744471744,0.12343535012285,0.777439024390244,0,0.374045220348949,-0.434890057704886,-0.749255600932091,0.371284816675649,1,0.9963901051913
"59","ML152381611","Macaulay Library",2019,"4/20/19","","New York",42.7364,-73.6532,"Ascending","Triplet","Brad Walker","ML152381611_terminal_strophes.wav",1.05034013605442,0.0491140508119397,0.952072538860103,6,0.839449541284404,0.208778086823735,0.198771883180628,0.148470427028796,0.176866410340314,0.0527353975785341,0.184979548429319,0.275846695026178,0.132514588787086,0.119533567844677,0.902040816326531,0,-0.283134222624868,-0.472470726499423,-0.739433425942106,0.0983081371757682,1,0.984220663845882
"60","ML152426451","Macaulay Library",2019,"4/18/19","","Virginia",38.4777,-77.9429,"Ascending","Triplet","Kelly Krechmer","ML152426451_terminal_strophes_retrim2024.wav",1.21670428893905,0.196145800863861,0.821892393320965,9,0.919060052219321,0.217436244877049,0.178709195696721,0.189332240437158,0.206006386612022,0.0769162226775957,0.216226024590164,0.272702971311475,0.177821700819672,0.131914011270492,0.741833030852995,0,0.547062186316587,-0.456818523505998,-0.361618755174534,0.691343977605132,1,0.999441855867533
"61","ML152587961","Macaulay Library",2019,"4/21/19","","New Jersy",40.6951,-74.5215,"Ascending","Triplet","Jeff Ellerbusch","ML152587961_terminal_strophes.wav",1.20998531571219,0.190608223759959,0.826456310679612,6,0.990909090909092,0.222563750532141,0.183939216155811,0.176646471902937,0.178267081736909,0.0583419540229885,0.187990740740741,0.293330379948914,0.141533258833546,0.133970412941677,0.946564885496183,0,0.605154180383178,-1.14603212954207,-0.158213025005598,0.228693099013364,1,0.999998747319321
"62","ML152655191","Macaulay Library",2019,"4/21/19","","Massachusetts",42.493,-70.8402,"Descending","Triplet","Jeffrey Offermann","ML152655191_terminal_strophes.wav",1.216,0.195566783543975,0.822368421052631,6,0.804347826086957,0.246355357142857,0.202594866071429,0.179904241071429,0.223664732142857,0.0664511160714286,0.228527008928571,0.327393303571429,0.165317410714286,0.14802931547619,0.895424836601307,0,1.08538677056998,0.111628311669232,-0.99695202795521,-0.201526227734852,1,0.942362772754282
"63","ML152763311","Macaulay Library",2019,"4/20/19","","West Virginia",39.6362,-79.9636,"Ascending","Triplet","Gordon Dimmig","ML152763311_terminal_strophes.wav",1.13084112149533,0.122961711134835,0.884297520661157,9,0.633333333333334,0.244039884868421,0.215803865131579,0.15328125,0.242023026315789,0.0785230263157895,0.262998355263158,0.300108552631579,0.172320394736842,0.139969983552632,0.812265917602996,0,0.636599345531611,1.31405720134399,-1.62464760914218,0.206351482173964,3,0.943319883032329
"64","ML152956471","Macaulay Library",2019,"4/19/19","","Pennsylvania",40.7494,-80.0254,"Ascending","Triplet","Clark Trauterman","ML152956471_terminal_strophes_triplet.wav",1.62869198312236,0.4877772283297,0.6139896373057,5,0.907801418439716,0.313730043541364,0.192626995645864,0.208069666182874,0.229201741654572,0.0682728592162554,0.229201741654572,0.339738751814224,0.17284954039671,0.13166908563135,0.761755485893417,2,2.00926318721523,-0.136280823309426,-0.0692104288501318,-0.163519164547281,1,0.999027896830274
"65","ML152956471","Macaulay Library",2019,"4/19/19","","Pennsylvania",40.7494,-80.0254,"Ascending","Triplet","Clark Trauterman","ML152956471_terminal_strophes_doublet.wav",2.16528925619835,0.772553958164356,0.461832061068702,7,0.994011976047905,0.282773462783172,0.130593851132686,0.134371359223301,0.135180825242718,0.131673139158576,0.210461165048544,0.293026699029126,0.189415048543689,0.0588211974110032,0.31054131054131,1,1.83807880436766,-0.336960362168579,1.18099762372589,0.433781226309792,2,0.999944912810672
"68","ML153008851","Macaulay Library",2019,"4/23/19","","Ontario",45.5043,-77.5763,"Ascending","Doublet","Brian Shulist","ML153008851_terminal_strophes.wav",2.10666666666667,0.745106919490657,0.474683544303797,5,0.631034482758621,0.256811145510836,0.121904024767802,0.148722910216718,0.235681114551084,0.14140866873065,0.235681114551084,0.260061919504644,0.215092879256966,0.0853328173374612,0.396725440806045,2,0.951751436359926,2.00660171266395,0.641529767958598,0.330112765176865,2,0.994668330616295
"69","ML153175621","Macaulay Library",2019,"4/23/19","","New York",42.8463,-78.8595,"Ascending","Doublet","Thomas Mudd","ML153175621_terminal_strophes_retrim2024.wav",2.06779661016949,0.726483600827537,0.483606557377049,6,0.863387978142076,0.296165748898678,0.143227698237885,0.127852973568282,0.148082874449339,0.115715033039648,0.231430066079295,0.305876101321586,0.204456864904552,0.0566437224669603,0.277044854881266,0,1.89615178841049,0.480926484413307,0.634045124404966,0.200894587583738,2,0.999956698716431
"70","ML153443091","Macaulay Library",2019,"4/24/19","","Massachusetts",42.3033,-72.3319,"Ascending","Triplet","Larry Therrien","ML153443091_terminal_strophes.wav",1.12820512820513,0.120627987788614,0.886363636363637,6,0.784313725490196,0.225639866979656,0.199998973004695,0.161942488262911,0.206476672535211,0.0477730340375587,0.21862235915493,0.280160504694836,0.144128814553991,0.133332648669797,0.925093632958801,0,0.209312157748387,0.190873739101534,-0.88151276436183,0.30450002682246,1,0.893851073189362
"71","ML153826801","Macaulay Library",2019,"4/25/19","","Virginia",38.4021,-77.9116,"Ascending","Triplet","Kelly Krechmer","ML153826801_terminal_strophes.wav",1.01909307875895,0.0189130933064872,0.981264637002342,7,0.833756345177665,0.230136014602216,0.225824332829809,0.177048432779456,0.212350327291037,0.0784187122356495,0.22636329305136,0.29588916163142,0.171793570619335,0.153603663141994,0.894117647058823,1,0.328943115007413,-0.26044932914808,-1.4006495730234,0.321455074325697,1,0.980097278280256
"72","ML153826821","Macaulay Library",2019,"4/25/19","","Virginia",38.4021,-77.9116,"Ascending","Triplet","Kelly Krechmer","ML153826821_terminal_strophes.wav",1.16767676767677,0.155016106103687,0.856401384083045,9,0.778443113772456,0.233234660981697,0.199742486480865,0.139886993899057,0.179700984470327,0.0538026899611759,0.192075603161398,0.296990848585691,0.139779388519135,0.105318765599002,0.753464203233257,0,0.173474790567303,0.0342287390708195,-0.62194879856613,-0.280529009125651,1,0.838407914292308
"73","ML154019221","Macaulay Library",2019,"4/26/19","","Michigan",42.2821,-85.1297,"Descending","Doublet","Gordon Green","ML154019221_terminal_strophes.wav",2.37068965517241,0.863180906560207,0.421818181818182,7,0.914754098360656,0.296470933263816,0.125056830031283,0.150391618873827,0.164406608446298,0.137454705422315,0.240950013034411,0.30725169447341,0.222757478493222,0.0592941866527633,0.266182698124622,1,2.29174278578009,0.363169756517671,0.862177146324264,0.409501527042794,2,0.999962651636128
"75","ML154043581","Macaulay Library",2019,"4/25/19","","Quebec",46.0736,-72.8447,"Ascending","Triplet","Daniel Jauvin","ML154043581_terminal_strophes.wav",1.00245098039216,0.00244798163864004,0.997555012224939,7,0.857712765957447,0.2204765625,0.2199375,0.17384765625,0.2026875,0.05579296875,0.21346875,0.29109375,0.160505859375,0.1417734375,0.883291351805206,1,0.133189334302595,-0.504539479529413,-1.28364099745235,0.29126911850542,1,0.992175282598573
"76","ML154323861","Macaulay Library",2019,"4/27/19","","Indiana",41.6735,-85.9464,"Descending","Doublet","Eric Michael","ML154323861_terminal_strophes.wav",2.49767441860465,0.915360066381202,0.400372439478585,7,0.803724928366762,0.289658157602664,0.115971143174251,0.151301886792453,0.188250832408435,0.135928967813541,0.278330743618202,0.300985571587125,0.23423473917869,0.0674250832408435,0.287852619458837,1,2.46865974299041,1.32702133650985,0.496032252606926,0.684862752009493,2,0.99995759601406
"77","ML155337671","Macaulay Library",2019,"4/28/19","","Vermont",44.4525,-72.9637,"ascending","Triplet","Jeff Hullstrung","ML155337671_terminal_strophes.wav",1.06874189364462,0.0664821563461428,0.935679611650485,6,0.779411764705882,0.22248,0.20817,0.17172,0.22032,0.0931500000000001,0.22356,0.28188,0.17928,0.14418,0.804216867469879,0,0.143080731643373,0.159002076075175,-1.15583779918969,0.340893510982303,1,0.853493102446185
"78","ML15562","Macaulay Library",1954,"6/6/54","","Manitoba",53.8255,-101.2476,"Ascending","Triplet","Arthur Allen","ML15562_terminal_strophes.wav",1.17606837606838,0.162176990701487,0.850290697674419,6,0.928571428571428,0.186397704590818,0.158492234281437,0.116227638473054,0.125168226047904,0.0650224550898203,0.133296032934132,0.297477732035928,0.104577781936128,0.0997010978043912,0.953367875647668,0,-0.158129693375791,-1.23846615619996,0.15455467327553,-0.650739926411775,1,0.999768637609122
"79","ML15563","Macaulay Library",1954,"7/6/54","","Manitoba",53.8255,-101.2476,"Ascending","Triplet","Peter Kellogg","ML15563_terminal_strophes.wav",1.30879345603272,0.269105686878846,0.7640625,6,0.732558139534884,0.173674048835889,0.132697827938671,0.102576235093697,0.140024701873935,0.0871083901192504,0.141652896081772,0.252370102214651,0.111802668938103,0.108003549119818,0.966019417475728,0,-0.765609039144056,0.247094368143399,0.492902782764008,-0.410440346343503,1,0.61602401274965
"80","ML15564","Macaulay Library",1954,"9/6/54","","Manitoba",50.8553,-100.222,"Ascending","Triplet","Arthur Allen","ML15564_terminal_strophes.wav",1.27868852459016,0.24583496251628,0.782051282051282,6,0.809782608695652,0.190191076807229,0.148739175451807,0.121104574548193,0.149551957831325,0.0942827560240964,0.151177522590361,0.271469314759036,0.124084776606426,0.119208082329317,0.960698689956331,0,-0.323026637235993,-0.221287185648908,0.296174785442309,-0.369100659801153,1,0.957173039991952
"81","ML15565","Macaulay Library",1953,"2/6/53","","Quebec",49.2213,-68.1504,"Ascending","Triplet","Arthur Allen","ML15565_terminal_strophes.wav",1.01813471502591,0.01797224240443,0.982188295165395,9,0.740157480314961,0.159121686662946,0.156287458147321,0.101492373511905,0.13712267485119,0.0863764880952381,0.145760323660714,0.275325055803571,0.112721316964286,0.102842006138393,0.91235632183908,0,-1.01928182483513,-0.238443598034685,-0.61703368205564,-0.612680743394728,1,0.650809974898096
"82","ML15566","Macaulay Library",1953,"24/06/1953","","Quebec",48.9474,-66.1224,"Ascending","Triplet","Arthur Allen","WTSP91.wav",1.01558441558442,0.0154642256975816,0.984654731457801,9,0.768240343347639,0.15808982712766,0.155663896276596,0.0964981382978723,0.125609308510638,0.0824816489361702,0.126148404255319,0.284642553191489,0.104800212765957,0.0974415558510638,0.929783950617284,0,-1.08075937933366,-0.57470522253733,-0.467042204600914,-0.916883123709469,1,0.829955528043368
"83","ML15568","Macaulay Library",1953,"26/06/1953","","Quebec",48.9474,-66.1224,"Ascending","Triplet","Arthur Allen","ML15568_terminal_strophes.wav",1.10992148465382,0.104289278276327,0.900964630225081,12,0.969899665551839,0.167323683851609,0.150752720949264,0.117018975040917,0.120650598404255,0.091597611497545,0.125896276595745,0.242108224222586,0.111100774004364,0.108410682624114,0.975786924939468,0,-0.937968922757043,-1.44229965126618,0.436300687284948,0.146039638303693,1,0.999987311845461
"84","ML15570","Macaulay Library",1953,"26/06/1953","","Quebec",48.9474,-66.1224,"Ascending","Triplet","Arthur Allen","ML15570_terminal_strophes.wav",1.07563025210084,0.0729067708080879,0.9296875,9,0.870967741935484,0.155561320754717,0.144623415389151,0.102087116745283,0.117211134040881,0.0885835298742138,0.121532281839623,0.221998968160377,0.106300235849057,0.0980360406839622,0.922256097560975,0,-1.50398482013607,-0.894360786763713,0.364429977323968,0.140754915584517,1,0.995813979408571
"85","ML15571","Macaulay Library",1953,"29/06/1953","","Vermont",44.5437,-72.8143,"Descending","Triplet","Arthur Allen","ML15571_terminal_strophes.wav",1.04285714285714,0.0419641990990316,0.958904109589042,9,0.951351351351351,0.147882869944853,0.141805491727941,0.0950772058823529,0.0999391084558823,0.0621243106617647,0.103720588235294,0.233371323529412,0.0897831341911765,0.0806265510110294,0.898014440433213,0,-1.48428756856867,-1.57271670596681,0.437053835371965,-0.036994158405719,1,0.999938890957579
"86","ML15572","Macaulay Library",1952,"24/04/1952","","New York",42.444,-76.5019,"Ascending","Triplet","Arthur Allen","ML15572_terminal_strophes.wav",1.08031088082902,0.0772488523339713,0.925659472422062,9,0.9375,0.168621318630064,0.156085920842217,0.10513559434968,0.112144633972992,0.0770994358564322,0.124545242537313,0.320259195095949,0.104488606076759,0.0901739905383795,0.863003095975233,0,-0.174444021021306,-1.56323719186563,-0.223872072775733,-1.0391438496249,1,0.999841033276307
"87","ML15573","Macaulay Library",1952,"29/04/1952","","New York",42.444,-76.5019,"Ascending","Triplet","Arthur Allen","ML15573_terminal_strophes.wav",1.08616187989556,0.0826502710806172,0.920673076923077,9,0.763157894736842,0.168280911062907,0.154931704175705,0.0938489696312364,0.122974511930586,0.0792861984815618,0.144009625813449,0.320380965292842,0.100968546637744,0.0958715767353579,0.94951923076923,0,-0.300937159951896,-0.415890413275285,-0.613287399097381,-1.22439337676299,1,0.809765284507159
"88","ML15574","Macaulay Library",1952,"16/05/1952","","New York",42.444,-76.5019,"Ascending","Triplet","Arthur Allen","ML15574_terminal_strophes.wav",1.46009389671362,0.37850074646981,0.684887459807074,6,0.915384615384615,0.168915417401529,0.115688051146384,0.0969498456790124,0.105911596119929,0.0716940035273369,0.110799823633157,0.229746693121693,0.096678277483833,0.0863586860670194,0.893258426966292,0,-0.78770748835617,-0.804754850203551,1.51075080402963,-0.0492828201765634,1,0.999469780254609
"89","ML15575","Macaulay Library",1952,"16/05/1952","","New York",42.444,-76.5019,"Ascending","Triplet","Arthur Allen","ML15575_terminal_strophes.wav",1.24220623501199,0.216889020460681,0.805019305019305,6,0.699186991869919,0.141153656639004,0.113631418568465,0.0703043309128631,0.100551543049793,0.0621294087136929,0.107908973029046,0.184753241701245,0.0806592323651452,0.0746642894190871,0.925675675675676,0,-2.11521868483703,0.339230477989676,1.05385658890896,0.0492139995591038,3,0.657663733330966
"90","ML15576","Macaulay Library",1952,"10/6/52","","Massachusetts",42.6376,-73.1662,"Ascending","Triplet","Peter Kellogg","ML15576_terminal_strophes.wav",1.39354838709677,0.331853290764919,0.717592592592593,6,0.924050632911392,0.175892441860465,0.126219113372093,0.118890261627907,0.128662063953488,0.090389171511628,0.130290697674419,0.273610465116279,0.114004360465116,0.111289970930233,0.976190476190476,0,-0.124891743696166,-0.915397139303708,0.901484871996848,-0.394888668583779,1,0.999714422623356
"91","ML15578","Macaulay Library",1951,"19/06/1951","","New York",43.9948,-73.8313,"Ascending","Triplet","Arthur Allen","ML15578_terminal_strophes.wav",1.42465753424658,0.353931457992981,0.701923076923077,6,0.76219512195122,0.169377777777778,0.118890170940171,0.10178952991453,0.133547863247863,0.08876047008547,0.149834188034188,0.267095726495726,0.112375641025641,0.103689601139601,0.922705314009662,0,-0.273464223227588,0.201834414769125,0.617421971754652,-0.458307240474354,1,0.797192142197236
"92","ML15580","Macaulay Library",1951,"30/06/1951","","New York",44.4314,-74.4118,"Ascending","Triplet","Arthur Allen","ML15580_terminal_strophes.wav",1.00833333333333,0.00829880281469506,0.991735537190083,9,0.906862745098039,0.147096934594756,0.145881257449344,0.0999556764004767,0.110221394517282,0.0761824344457688,0.116705005959476,0.22530549761621,0.0982267133492253,0.0919862373361144,0.936468646864687,0,-1.6116480550654,-1.25841716901768,0.170978589987366,0.136163586117307,1,0.999234545821114
"93","ML15581","Macaulay Library",1951,"20/06/1951","","New York",44.4314,-74.4118,"Descending","Triplet","Arthur Allen","ML15581_terminal_strophes.wav",1.14754098360656,0.137621377876048,0.871428571428571,6,0.895104895104895,0.171030363105175,0.149040744991653,0.104247078464107,0.116463532971619,0.0610822725375626,0.123793405676127,0.242700229549249,0.0977316360601001,0.0901302865887591,0.922222222222223,0,-1.03085259159431,-0.976955399269058,0.481643703168029,-0.0764566911595771,1,0.99860223384766
"94","ML15582","Macaulay Library",1955,"27/04/1955","","New York",42.444,-76.5019,"Ascending","Triplet","Peter Kellogg","ML15582_terminal_strophes.wav",1.50387596899225,0.408045754701656,0.664948453608248,6,0.736434108527132,0.158175094517958,0.105178284499055,0.0774568761814745,0.105178284499055,0.065226843100189,0.119038988657845,0.264168714555766,0.0847948960302457,0.0804464398235665,0.94871794871795,0,-0.610403210521727,0.205091137098725,1.05487319874909,-0.868689650701451,1,0.637642690024941
"95","ML15584","Macaulay Library",1957,"20/07/1957","","Quebec",48.05,-65.4833,"Descending","Triplet","Robert Robinson","ML15584_terminal_strophes.wav",1.31641285956007,0.274910506772294,0.759640102827763,6,0.958333333333333,0.210604728929924,0.159983797940341,0.112069868607955,0.116942471590909,0.08039794921875,0.121815074573864,0.329712801846591,0.105031664299242,0.101241861979167,0.963917525773196,0,0.392521193336225,-1.4301140696134,0.469904562456693,-1.19323994444719,1,0.999967016031918
"96","ML15590","Macaulay Library",1962,"4/6/62","","Vermont",44.5437,-72.8143,"Ascending","Triplet","Robert C Stein","ML15590_terminal_strophes.wav",1.0641975308642,0.0622210229972095,0.93967517401392,9,0.843220338983051,0.174277042651593,0.163763810380267,0.107288883179171,0.127237067488866,0.0889581192189106,0.135863309352518,0.266874357656732,0.112895940390545,0.10149312692703,0.898997134670487,0,-0.902415081853046,-0.795291764448114,-0.152773470609521,-0.376331099253369,1,0.986316858467934
"97","ML15592","Macaulay Library",1962,"4/6/62","","Vermont",44.5437,-72.8143,"Ascending","Triplet","Robert C Stein","ML15592_terminal_strophes.wav",1.29140461215933,0.255730472645179,0.774350649350649,6,0.959731543624161,0.167169909757473,0.129448128172589,0.11642190143824,0.121306736463621,0.0814139170896785,0.122120875634518,0.247498307952623,0.106380851663847,0.106380851663847,1,0,-0.599982108941044,-1.19778188402213,0.960349021968309,-0.0300799867109989,1,0.999973158105932
"98","ML15593","Macaulay Library",1962,"5/6/62","","New Hampshire",44.7814,-71.1379,"Ascending","Triplet","Robert C Stein","ML15593_terminal_strophes.wav",1.45253863134658,0.373312805842283,0.688449848024316,6,0.909638554216868,0.178519381415451,0.122901641004862,0.122901641004862,0.135110413290113,0.0968562601296596,0.135110413290113,0.288127025931929,0.120459886547812,0.116118989735278,0.963963963963964,0,0.147160952980426,-0.791885165299296,0.86284526559049,-0.580553178731578,1,0.999368145642967
"99","ML15596","Macaulay Library",1962,"12/6/62","","Maine",44.3924,-68.3021,"Ascending","Triplet","Robert C Stein","WTSP56.wav",1.47435897435897,0.388223301673658,0.678260869565217,6,0.797814207650273,0.18668991416309,0.126624463519313,0.118507510729614,0.148540236051502,0.0884747854077253,0.162339055793991,0.301950643776824,0.124459942775393,0.112555078683834,0.904347826086956,0,0.411928257150698,0.0183570188894033,0.409410254472865,-0.7115670171886,1,0.929120291785394
"100","ML15598","Macaulay Library",1962,"12/6/62","","Maine",44.3924,-68.3021,"Descending","Triplet","Robert C Stein","WTSP25.wav",1.18650793650794,0.171014485879263,0.842809364548495,6,0.899328859060402,0.162042133781764,0.136570627802691,0.108931334080717,0.121125140134529,0.0682853139013453,0.123563901345291,0.214610986547085,0.100260183109118,0.0986343423019432,0.983783783783784,0,-1.27591397972277,-0.860123539978391,0.800013259210077,0.318131441065562,1,0.998985731770134
"101","ML15599","Macaulay Library",1963,"13/06/1963","","Michigan",46.6015,-85.1933,"Ascending","Triplet","Robert C Stein","ML15599_terminal_strophes.wav",1.06235011990408,0.060483548246334,0.941309255079007,9,0.829166666666666,0.179057255569307,0.168548251856436,0.10724573019802,0.129341584158416,0.0754492574257426,0.135808663366337,0.321737190594059,0.11026370049505,0.0961978032178218,0.872434017595308,0,-0.296260458286617,-0.894952149829565,-0.546938962878711,-1.17985233365315,1,0.975485268451341
"102","ML15600","Macaulay Library",1963,"19/06/1963","","Minnesota",47.9032,-91.8671,"Ascending","Triplet","Robert C Stein","ML15600_terminal_strophes.wav",1.375,0.318453731118534,0.727272727272728,6,0.986928104575163,0.178847594637224,0.130070977917981,0.122754485410095,0.124380372634069,0.0861720228706625,0.126819203470032,0.27640082807571,0.111102293638276,0.111102293638275,1,0,-0.0271507540627212,-1.32720937949499,0.955513110337967,-0.322158734386516,1,0.999998049444304
"103","ML15601","Macaulay Library",1963,"20/06/1963","","Ontario",50.0978,-91.922,"Ascending","Triplet","Robert C Stein","ML15601_terminal_strophes.wav",1.38759689922481,0.327573401479083,0.720670391061452,6,0.884146341463415,0.194094246031746,0.139877976190476,0.117920386904762,0.133372023809524,0.0821376488095238,0.136625,0.291141369047619,0.116022817460317,0.106263888888889,0.91588785046729,0,0.0603904333325748,-0.703388043172589,0.658567368973045,-0.658482651993527,1,0.997644026440156
"104","ML15602","Macaulay Library",1963,"23/06/1963","","Ontario",47.8423,-83.4026,"Ascending","Triplet","Robert C Stein","ML15602_terminal_strophes.wav",1.11504723346829,0.108896765869809,0.896822995461422,12,0.907692307692308,0.17761626940133,0.159290354767184,0.118903478381375,0.130995357538803,0.08222477827051,0.140265798226164,0.278919345898004,0.11232012195122,0.109095620842572,0.971291866028708,0,-0.463701600976417,-1.09378189799901,-0.0112338494722162,-0.344354253528417,1,0.999312314344752
"105","ML15606","Macaulay Library",1963,"25/06/1963","","Ontario",43.7325,-79.7773,"Descending","Triplet","Robert C Stein","ML15606_terminal_strophes.wav",1.28436911487759,0.250267636601523,0.778592375366569,6,0.99390243902439,0.184741738505747,0.143838509012539,0.132461451802508,0.133274098746082,0.0723255779780565,0.144651155956113,0.281175842476489,0.114312336729363,0.111061748955068,0.971563981042654,0,0.107386150349437,-1.3480235714807,0.544297840186056,-0.140059318503191,1,0.999999292882287
"106","ML15607","Macaulay Library",1963,"28/06/1963","","Ontario",51.2731,-80.64,"Ascending","Triplet","Robert C Stein","ML15607_terminal_strophes.wav",1.1156462585034,0.109433841045462,0.896341463414634,12,0.876506024096384,0.176335567823344,0.158056880914827,0.117333041699527,0.133864501182965,0.0790284404574133,0.141928627760253,0.28063160488959,0.111284946766562,0.108865708793375,0.978260869565218,0,-0.488272958159752,-0.907803396694978,-0.0766667722030195,-0.423564714356547,1,0.997040352656484
"107","ML15608","Macaulay Library",1963,"30/06/1963","","Quebec",47.9791,-77.423,"Descending","Triplet","Robert C Stein","ML15608_terminal_strophes.wav",1.20297951582868,0.184801409273738,0.831269349845201,6,0.933774834437086,0.175110282258065,0.145563810483871,0.114661995967742,0.122794052419355,0.0609904233870968,0.125233669354839,0.226071169354839,0.101921774193548,0.0970425403225806,0.952127659574467,0,-1.02098521579508,-1.06138810359747,0.800091936141254,0.258966375763939,1,0.99982887038215
"108","ML15610","Macaulay Library",1963,"1/7/63","","Quebec",48.3456,-67.0539,"Descending","Triplet","Robert C Stein","ML15610_terminal_strophes.wav",1.0488193539041,0.0476651066762861,0.953453038674033,18,0.965442764578834,0.161855230578768,0.154321361420613,0.119915947075209,0.124208240482823,0.0810170380687094,0.127159192200557,0.239831894150418,0.108738099659548,0.108022717424946,0.99342105263158,0,-1.09996756077802,-1.49601508132517,0.211077587859208,0.194872558238853,1,0.999982287563073
"109","ML15611","Macaulay Library",1963,"1/7/63","","Quebec",48.3456,-67.0539,"Descending","Triplet","Robert C Stein","WTSP74.wav",1.0519801980198,0.0506742909632662,0.950588235294118,9,0.93859649122807,0.171838536494538,0.163347691161867,0.115367676266137,0.122915094339623,0.0598402432969216,0.129384309831182,0.21348411122145,0.106418594836147,0.0905690168818273,0.851063829787235,0,-1.4302797408913,-1.23609052533043,0.34505363228876,0.525965598175425,1,0.999848485038454
"110","ML157055401","Macaulay Library",2019,"5/8/19","","Maine",44.3078,-69.2186,"Descending","Triplet","Fyn Kynd","WTSP27.wav",1.15384615384615,0.143100843640673,0.866666666666667,9,0.945054945054945,0.235826754591454,0.204383187312594,0.184898925537231,0.195648863068466,0.0462247313843078,0.20317381934033,0.328948088455772,0.160926564842579,0.11892118393928,0.738977955911823,0,0.98989548266627,-0.962347518564229,-0.772707245688926,-0.185010840888821,1,0.999877780515191
"111","ML158046011","Macaulay Library",2019,"5/12/19","","Quebec",45.4876,-73.8192,"Descending","Triplet","Julie Tremblay","ML158046011_terminal_strophes.wav",1.03157121879589,0.0310830950583882,0.969395017793594,12,0.930084745762711,0.226254145215021,0.21932964112659,0.176735889233798,0.190021274984858,0.0479079061932163,0.193241974560872,0.293083661417323,0.139563648293963,0.136879731980618,0.980769230769231,0,0.153022516336077,-1.01953587431762,-0.891508141815313,0.182534393194542,1,0.999799306273928
"112","ML158160201","Macaulay Library",2019,"5/8/19","","Ontario",44.2927,-79.1966,"Ascending","Doublet","Andrew Sibbald","WTSP33.wav",2.52307692307692,0.925479157928562,0.396341463414634,7,0.837735849056604,0.26556387283237,0.105253973988439,0.119827601156069,0.143037451830443,0.101205744219653,0.22184299132948,0.296330419075145,0.186218569364162,0.0421015895953757,0.226086956521739,1,1.85668076539502,0.748845216697574,1.1272933580004,0.133916403683282,2,0.999992064963775
"113","ML158343781","Macaulay Library",2019,"5/13/19","","Quebec",45.5064,-75.8141,"UpDown","Triplet","Caroline Biel","ML158343781_terminal_strophes.wav",1.15126050420168,0.140857432716595,0.868613138686132,6,0.995901639344262,0.22210905448718,0.192926842948718,0.196979927884615,0.197790544871795,0.0518794871794871,0.202654246794872,0.296685817307692,0.151315170940171,0.146451469017094,0.967857142857143,0,0.7076993943713,-1.15697248534622,-0.493280112125154,0.384632258510358,1,0.999999535410379
"114","ML160302201","Macaulay Library",2019,"5/22/19","","Yukon",60.7075,-135.0246,"Ascending","Doublet","Cameron Eckert","ML160302201_terminal_strophes.wav",1.08212560386473,0.0789272585896711,0.924107142857143,11,0.589641434262948,0.144985729499468,0.133982348242811,0.0598713391906283,0.101538554978701,0.0377567003904864,0.118124534078807,0.16505071884984,0.0725468028931487,0.0647257720979766,0.892193308550187,2,-2.77542756584096,0.886686769753892,0.442922313472404,0.213461624438622,3,0.980884926565155
"115","ML160553361","Macaulay Library",2019,"5/11/19","","Alberta",53.625,-113.6573,"Descending","Doublet","Scott & Jill Tansowny","ML160553361_terminal_strophes.wav",1.19686411149826,0.179704895902783,0.83551673944687,6,0.503355704697987,0.186578044596913,0.155889079473985,0.061106346483705,0.121397941680961,0.0309605488850772,0.143396226415094,0.195540308747856,0.0738707833047456,0.0684391080617496,0.926470588235294,0,-2.07551977712423,1.6257258630891,0.261441652230701,-0.131551029013133,3,0.998145959208122
"116","ML161672591","Macaulay Library",2019,"5/24/19","","Alberta",55.4806,-114.8982,"Descending","Doublet","Scott & Jill Tansowny","ML161672591_terminal_strophes.wav",1.13701067615658,0.128402604483844,0.879499217527386,6,0.410404624277457,0.173542024013722,0.152630074328188,0.0578473413379074,0.140951972555746,0.0496998284734134,0.158061749571184,0.19065180102916,0.0831046312178387,0.0825614636935392,0.993464052287582,0,-2.27709487740886,2.19919572576639,-0.151684204589794,-0.0971280728853438,3,0.999835773235758
"117","ML162376291","Macaulay Library",2019,"6/2/19","","Quebec",46.6362,-73.7381,"Descending","Doublet","Suzanne Filteau","ML162376291_terminal_strophes.wav",2.32272727272727,0.842742043851343,0.430528375733855,7,0.945525291828794,0.275982482185273,0.118818289786223,0.131240201900238,0.138801365795724,0.121518705463183,0.218733669833729,0.298125890736342,0.18794893111639,0.056708729216152,0.301724137931035,1,1.97442466723011,0.0408613377218391,1.13825714811331,0.339653587065569,2,0.999888316642434
"118","ML163314261","Macaulay Library",2019,"6/8/19","","Maine",44.9344,-70.5083,"Descending","Triplet","Cheryl Ring","ML163314261_terminal_strophes.wav",1.46315789473684,0.380597041530152,0.683453237410071,6,0.901869158878505,0.225536211699164,0.154143454038997,0.156577298050139,0.173614206128134,0.0576009749303621,0.186594707520891,0.316399721448468,0.134672701949861,0.123855617455896,0.919678714859437,0,1.05673686325456,-0.459649431765752,0.192220047360557,-0.360957851505974,1,0.998988976754832
"119","ML163438911","Macaulay Library",2019,"6/9/19","","Nova Scotia",45.3407,-62.6664,"Descending","Triplet","Mark Brennan","ML163438911_terminal_strophes.wav",1.16701030927835,0.1544451872657,0.856890459363958,9,0.900874635568513,0.228339679621849,0.195662092962185,0.166211922268908,0.184500612745098,0.0511007528011205,0.18719012605042,0.284012605042017,0.149106617647059,0.114976693802521,0.771103896103896,0,0.219252483241578,-0.661376691147486,-0.332640574046917,0.138109511062618,1,0.998647489295053
"120","ML163588521","Macaulay Library",2019,"6/8/19","","New York",44.2352,-73.7092,"Descending","Triplet","Nick Tepper","ML163588521_terminal_strophes.wav",1.17882689556509,0.164519787675662,0.848300970873786,6,0.868312757201646,0.222742395437262,0.188952590304183,0.171111573193916,0.197062143536122,0.0559559173003802,0.20922647338403,0.277346720532319,0.145971958174905,0.136781131178707,0.937037037037037,0,0.346201310146732,-0.279428908982956,-0.503403245973555,0.422807998684466,1,0.995424471365556
"121","ML163885511","Macaulay Library",2019,"","","Nova Scotia",44.6448,-63.4524,"Ascending","Triplet","Aaron Marshall","ML163885511_terminal_strophes.wav",1.17721518987342,0.163151640686235,0.849462365591398,9,0.89974293059126,0.22511277961889,0.191224834299917,0.188266362883181,0.209244614747307,0.0796097763048881,0.222692212096106,0.304991507870754,0.17944473902237,0.133534641673571,0.744154676258993,0,0.883195091385298,-0.454008859628493,-0.782743409357403,0.278075737345163,1,0.998505468939047
"123","ML169021","Macaulay Library",2012,"7/6/12","","New York",44.51041,-73.88525,"Descending","Triplet","Matthew Medler","ML169021_terminal_strophes.wav",1.15336134453782,0.142680587278111,0.867030965391621,9,0.8005698005698,0.221616151147959,0.19214806547619,0.151242594954649,0.18891868622449,0.0543612174036281,0.205065582482993,0.280955994897959,0.147259693877551,0.111817256590136,0.759320175438596,0,0.150693536262786,0.0330482169662106,-0.65455297522252,0.160845961019932,1,0.91958237419897
"124","ML18735","Macaulay Library",1980,"15/06/1980","","Alberta",53.5428,-113.9034,"Ascending","Triplet","Oliver Hewitt","ML18735_terminal_strophes.wav",1.08653846153846,0.0829969195709682,0.920353982300885,9,0.931623931623932,0.182744828015952,0.168189930209372,0.117517323030907,0.126142447657029,0.0452819042871386,0.1471661889332,0.278160269192423,0.107382801595214,0.0824777542372881,0.768072289156626,0,-0.407873709136975,-1.22177729184991,-0.141098937620318,-0.184998020757028,1,0.999736446149229
"125","ML205318","Macaulay Library",2012,"7/6/12","","Massachusetts",42.3566,-73.1796,"Ascending","Triplet","David Kazdan","WTSP1.wav",1.17,0.157003748809665,0.854700854700855,6,0.796791443850267,0.190156519396552,0.162526939655172,0.121082570043103,0.151962688577586,0.0576970635775862,0.154400592672414,0.260043103448276,0.111601831896552,0.108893049568966,0.975728155339806,0,-0.641288737824319,-0.219284510653269,0.0173640182711775,-0.183818589583491,1,0.934985964857104
"126","ML205319","Macaulay Library",2012,"7/6/12","","Massachusetts",42.3566,-73.1795,"Ascending","Triplet","Laura Gooch","ML205319_terminal_strophes.wav",1.33333333333333,0.287682072451781,0.75,6,0.782608695652174,0.19706090190609,0.147795676429568,0.116937238493724,0.14941980474198,0.0584686192468619,0.152668061366806,0.274477684797769,0.109357973035797,0.107192468619247,0.98019801980198,0,-0.241610280159903,-0.0061778234006004,0.362803045447968,-0.466174247741433,1,0.897996700077436
"127","ML219779","Macaulay Library",2009,"8/6/09","","New York",42.6658,-76.3468,"Descending","Triplet","Bob Mcguire","WTSP49.wav",1.19874804381847,0.181277715363056,0.83420365535248,6,0.902439024390244,0.207142951251647,0.172799407114625,0.150083992094862,0.166309288537549,0.054354743083004,0.17198814229249,0.259604743083004,0.123853096179183,0.123312252964427,0.995633187772925,0,-0.173593215574719,-0.659506674549118,0.0752131975375346,0.291061167656286,1,0.999157288917167
"128","ML219798","Macaulay Library",2009,"15/06/2009","","New York",44.485,-74.4034,"Ascending","Triplet","Bob Mcguire","ML219798_terminal_strophes.wav",1.07852193995381,0.0755915296664077,0.927194860813704,9,0.891050583657587,0.188685564159292,0.17494828539823,0.123366150442478,0.138450221238938,0.0527942477876107,0.150301991150442,0.298987831858407,0.112807300884956,0.0949488384955752,0.841690544412607,0,-0.231755037133561,-1.04638697992116,-0.39253829924234,-0.535071287859118,1,0.998066742162757
"129","ML219799","Macaulay Library",2009,"15/06/2009","","New York",44.485,-74.4034,"Descending","Triplet","Bob Mcguire","ML219799_terminal_strophes.wav",1.15625,0.145182009844498,0.864864864864865,9,0.893238434163701,0.194260531519655,0.168009108341323,0.135161173697667,0.151315895653563,0.0624649248961329,0.155085330776606,0.269783856663471,0.1279453978907,0.101774748322148,0.795454545454545,0,-0.347123137962486,-0.816862131283121,0.0259703420452099,-0.0756626156501046,1,0.998121395979391
"130","ML224605","Macaulay Library",2009,"16/06/2009","","New York",44.4805,-74.4072,"Ascending","Triplet","Bob Mcguire","ML224605_terminal_strophes.wav",1.32075471698113,0.278203328497237,0.757142857142857,6,0.950248756218905,0.2270625,0.17191875,0.1548890625,0.1629984375,0.0681187500000001,0.170296875,0.329240625,0.130290625,0.127046875,0.975103734439834,0,0.92532348146232,-1.02955248299171,0.0106179191344027,-0.607935717398812,1,0.999942607243032
"131","ML224609","Macaulay Library",2009,"16/06/2009","","New York",44.4853,-74.4022,"Ascending","Triplet","Bob Mcguire","ML224609_terminal_strophes.wav",1.16666666666667,0.154150679827258,0.857142857142857,6,0.962616822429907,0.204365092470277,0.175170079260238,0.16706035336856,0.173548134081902,0.0600119715984148,0.180035914795244,0.269242899603699,0.134080801409071,0.132999504623514,0.991935483870967,0,0.0932798742863431,-1.0193588390861,-0.086581164132883,0.406597330748565,1,0.999977685033317
"132","ML224610","Macaulay Library",2009,"16/06/2009","","New York",44.4854,-74.4022,"Descending","Triplet","Bob Mcguire","WTSP62.wav",1.18446601941748,0.169292056503621,0.844262295081967,6,0.966507177033493,0.197815728476821,0.167008360927152,0.16376548013245,0.169440521523179,0.0591825745033112,0.170251241721854,0.26105190397351,0.131877152317881,0.129715231788079,0.983606557377049,0,-0.0704523893169938,-1.06204488075774,0.121662050072195,0.407023532897138,1,0.999983350245907
"133","ML26122","Macaulay Library",1980,"23/03/1980","","New York",40.6057,-73.8713,"Ascending","Triplet","Thomas Davis","ML26122_terminal_strophes.wav",1.54564755838641,0.435442954180268,0.646978021978022,6,0.760330578512397,0.197478995057661,0.127764569604613,0.074868410214168,0.0984682351729819,0.0642891783360791,0.10741989291598,0.333652697693575,0.0813787067545305,0.0770385090609555,0.946666666666667,0,0.166723025100051,-0.206441284389913,0.804516833980581,-1.93253066455527,1,0.793850645515764
"134","ML27192051","Macaulay Library",2016,"15/04/2016","","Tennessee",35.8856,-84.1208,"Ascending","Doublet","Colin Sumrall","ML27192051_terminal_strophes.wav",2.17241379310345,0.775838896405059,0.46031746031746,5,0.829629629629629,0.306665625,0.141163541666667,0.181727777777778,0.219046875,0.162256944444444,0.253120833333333,0.322891319444444,0.230404861111111,0.107900868055556,0.468309859154929,2,2.33242481168955,0.817718454235394,0.367858964533097,0.14303251120326,2,0.949504892036678
"135","ML27192071","Macaulay Library",2016,"15/04/2016","","Tennessee",35.8856,-84.1201,"Ascending","Doublet","Colin Sumrall","ML27192071_terminal_strophes.wav",2.3312101910828,0.846387528053058,0.42896174863388,5,0.721374045801527,0.297205806213018,0.127489922337278,0.15347512943787,0.212753883136095,0.126677884615385,0.240363165680473,0.303702107988166,0.210047090729783,0.0714593195266272,0.34020618556701,2,1.8236670137655,1.46532095108909,0.612912270147421,-0.0153284636614333,2,0.999719031169839
"136","ML27522691","Macaulay Library",2016,"23/04/2016","","North Carolina",36.1726,-79.5561,"Ascending","Triplet","Martin Wall","ML27522691_terminal_strophes.wav",1.28325508607199,0.249399885880764,0.779268292682927,6,0.788793103448276,0.221550810473815,0.172647521820449,0.148330969451372,0.188048004987531,0.0770024158354115,0.191290211970075,0.316115180798005,0.138334164588529,0.137253428927681,0.9921875,0,0.615675687255834,0.0482262224162803,-0.402639228241686,-0.551063864706439,1,0.918465574168139
"137","ML28196461","Macaulay Library",2016,"3/5/16","","Ohia",39.8062,-82.7593,"Descending","Doublet","Jeffery Roth","ML28196461_terminal_strophes.wav",1.23076923076923,0.207639364778244,0.8125,6,0.861386138613862,0.15659328358209,0.127232042910448,0.0709563316231344,0.0823745918843284,0.0407795009328358,0.101133162313433,0.15659328358209,0.0712281949626866,0.0581787546641791,0.81679389312977,0,-2.20427275222354,-0.561608510334978,1.48492724349715,0.755401765475737,1,0.992525525587768
"138","ML29804391","Macaulay Library",2012,"31/05/2012","","Vermont",44.6433,-72.6314,"Ascending","Triplet","Paul Marvin","WTSP66.wav",1.25773195876289,0.229310066229873,0.795081967213115,6,0.429245283018868,0.198174929676512,0.157565312939522,0.073909502461322,0.172184774964838,0.0649753867791843,0.180306698312236,0.271272239803094,0.108833772855134,0.0985460032817628,0.90547263681592,0,-0.819600614213034,2.14502713318487,-0.524728546466379,-0.926407438339359,3,0.999767075387186
"139","ML29893601","Macaulay Library",2016,"1/6/16","","British Columbia",50.9737,-118.2015,"Ascending","Doublet","John Woods","ML29893601_terminal_strophes.wav",1.17721518987342,0.163151640686235,0.849462365591398,8,0.691119691119691,0.150939741035857,0.128217629482072,0.0968394754316069,0.140119687915007,0.0754698705179283,0.188268924302789,0.199629980079681,0.116045069721116,0.0994092380478087,0.856643356643357,2,-1.16829794710653,0.833613492279898,-0.0122969903953249,0.823998940659403,3,0.734112719558634
"141","ML31612451","Macaulay Library",2016,"12/7/16","","New York",44.3095,-73.9371,"Descending","Doublet or Triplet","Glen Chapman","ML31612451_terminal_strophes_doublet.wav",2.38194444444444,0.867917147589939,0.419825072886297,5,0.986928104575163,0.279235423322684,0.117230031948882,0.122928714057508,0.124556908945687,0.0618714057507987,0.193755191693291,0.280049520766773,0.190498801916933,0.0586150159744409,0.307692307692308,2,1.59540302184991,-0.297970635196571,1.59707005588038,0.382465616060411,2,0.999929260997939
"142","ML34904071","Macaulay Library",2016,"25/06/2016","","Vermont",43.45,-73.0364,"Descending","Doublet","Roy Pilcher","ML34904071_terminal_strophes.wav",1.96932515337423,0.677690922323253,0.50778816199377,5,0.89,0.261054581447964,0.132560426093514,0.144759238310709,0.162650829562594,0.121174868024133,0.22445814479638,0.279759426847662,0.185964115133233,0.0683133484162896,0.36734693877551,2,1.50294436761878,0.318486084702391,0.808123952502566,0.5510413651861,2,0.998833524535067
"143","ML36984","Macaulay Library",1986,"14/06/1986","","Maine",44.6166,-66.6,"Descending","Triplet","Charles Duncan","ML36984_terminal_strophes.wav",1.08780487804878,0.0841617923217109,0.919282511210762,9,0.933054393305439,0.180181132542038,0.165637363996044,0.120120755028025,0.128739284536762,0.0549431256181998,0.129277942631058,0.260171859545005,0.110209446092977,0.0900905662710188,0.817448680351906,0,-0.814313873660882,-1.2985117542009,0.15721643925265,-0.150554525415957,1,0.999776438338906
"144","ML38458241","Macaulay Library",2016,"28/10/2016","","North Carolina",36.2145,-81.6465,"Ascending","Doublet","Wilcox Family","ML38458241_terminal_strophes.wav",1.85286103542234,0.616730950115582,0.539705882352941,9,0.876447876447877,0.274306187913907,0.148044663182947,0.12209314638521,0.139304515038631,0.0908975407008831,0.208149989652318,0.316258899006623,0.170069836506623,0.051634105960265,0.30360531309298,0,1.63093038257724,0.103219107241877,0.564921510281428,-0.187593953180895,2,0.999888554318068
"145","ML39355611","Macaulay Library",2016,"8/11/16","","North Carolina",36.2144,-81.6465,"Descending","Doublet","Wilcox Family","ML39355611_terminal_strophes_doublet.wav",2.45333333333333,0.897447644072675,0.407608695652174,5,0.66044776119403,0.298951133144476,0.121855081444759,0.143788996104816,0.217714412181303,0.127541651912181,0.229087553116147,0.302200601983003,0.21608967776204,0.0560533374645893,0.259398496240602,2,1.60944561470957,1.77716797854214,0.742988155290042,-0.286255469575425,2,0.999957279623247
"148","ML39355611","Macaulay Library",2016,"8/11/16","","North Carolina",36.2144,-81.6465,"Descending","Triplet","Wilcox Family","ML39355611_terminal_strophes_triplet.wav",1.24444444444444,0.218689200964829,0.803571428571429,6,0.957597173144877,0.256759027777778,0.20632421875,0.219270052083333,0.228979427083333,0.0962846354166667,0.233025,0.3155546875,0.182320486111111,0.180702256944444,0.991124260355029,0,1.3661077812384,-0.661682121889489,-0.683418678348197,0.387328405269785,1,0.99996721099962
"149","ML39355641","Macaulay Library",2016,"8/11/16","","North Carolina",36.2144,-81.6465,"Descending","Triplet","Wilcox Family","ML39355641_terminal_strophes.wav",1.19787516600266,0.18054929226273,0.834811529933481,6,0.868852459016394,0.243553887605851,0.203321593533487,0.171729792147806,0.197651270207852,0.0550831408775982,0.197651270207852,0.307817551963049,0.14796843725943,0.135007698229407,0.912408759124087,0,0.608104925849194,-0.439263757984133,-0.540316641933757,-0.149163027771441,1,0.995336795657943
"150","ML39901471","Macaulay Library",2015,"7/7/15","","New York",43.6843,-74.7468,"Descending","Triplet","Michael Andersen","ML39901471_terminal_strophes.wav",1.1556420233463,0.14465605390748,0.865319865319865,9,0.916216216216216,0.239624335629921,0.207351697834646,0.182340403543307,0.199014599737533,0.0554013615485564,0.206544881889764,0.298521899606299,0.162008641732283,0.125056471456693,0.771912350597609,0,0.61675477719257,-0.672400728341848,-0.631188015089888,0.212932531328264,1,0.999382314361768
"151","ML39908121","Macaulay Library",2015,"7/7/15","","New York",43.6733,-74.7013,"Ascending","Triplet","Michael Andersen","ML39908121_terminal_strophes.wav",1.27491408934708,0.242878795435942,0.784366576819407,6,0.905263157894737,0.200835470857418,0.157528630780347,0.139664559248555,0.154280617774566,0.0422241690751445,0.154280617774566,0.28257713150289,0.114221790703276,0.109891106695568,0.962085308056872,0,0.0334505125796396,-0.786062405134316,0.304561393348872,-0.25439495776971,1,0.999208368203819
"152","ML41694471","Macaulay Library",2016,"3/12/16","","Tennessee",35.9511,-84.2392,"Ascending","Triplet","Colin Sumrall","ML41694471_terminal_strophes.wav",1.16334661354582,0.151300863136498,0.85958904109589,6,0.863468634686347,0.236481039325843,0.203276509831461,0.189508778089888,0.219473841292135,0.0680287921348314,0.225142907303371,0.304509831460674,0.16305313670412,0.154954470973783,0.950331125827814,0,0.802991668820434,-0.24548345502827,-0.892474449300746,0.229466557280344,1,0.994508950904685
"153","ML43015","Macaulay Library",1956,"12/7/56","","Quebec",46.8027,-71.3334,"Ascending","Triplet","William Gunn","WTSP2.wav",1.03491271820449,0.0343170929241287,0.966265060240964,9,0.769911504424779,0.167838026795005,0.1621760210718,0.0938275234131114,0.121867932708984,0.0609339663544919,0.137505853277836,0.299277445369407,0.0980335848074922,0.084930085848075,0.866336633663367,0,-0.728813040928775,-0.516367651946746,-0.593847402968169,-0.9819588432095,1,0.822946294676596
"154","ML49064811","Macaulay Library",2016,"12/6/16","","Alberta",55.6359,-114.5319,"Ascending","Doublet","Laura Gooch","ML49064811_terminal_strophes.wav",2.29372197309417,0.830175813931563,0.435972629521017,8,0.767543859649123,0.27570625,0.120200378787879,0.141491477272727,0.184343181818182,0.119661363636364,0.271663636363636,0.329877272727273,0.224769318181818,0.0739798295454545,0.329136690647482,2,2.56014357857368,1.32844731646504,0.167382006813173,0.117943970405415,2,0.999845843636461
"155","ML51018801","Macaulay Library",2017,"12/3/17","","Virginia",37.6909,-78.8823,"Ascending","Triplet","Kelly Krechmer","ML51018801_terminal_strophes.wav",1.14105263157895,0.131951197405005,0.876383763837638,9,0.742774566473989,0.218840027777778,0.191787847222222,0.138356425925926,0.186269740740741,0.0597570555555555,0.190576555555556,0.268099222222222,0.136956711111111,0.117091527777778,0.854952830188679,0,-0.308087167207272,0.284515286792342,-0.543598383915822,0.0241079058536567,1,0.648738056648409
"156","ML52577121","Macaulay Library",2017,"25/03/2017","","North Carolina",36.21446,-81.64652,"Descending","Triplet","Wilcox Family","ML52577121_terminal_strophes.wav",1.06855791962175,0.066310000785953,0.935840707964602,6,0.689285714285715,0.24407868757259,0.228418771777003,0.156329159407666,0.226798780487805,0.0688496297909408,0.226798780487805,0.312658318815331,0.157139155052265,0.144179224738676,0.917525773195877,0,0.351645794772167,0.599142141502777,-1.51062915611359,-0.269131854647297,3,0.725387265210394
"157","ML52836791","Macaulay Library",2017,"30/03/2017","","South Carolina",35.10519,-81.26941,"Descending","Doublet","Steven Biggers","ML52836791_terminal_strophes.wav",2.46215139442231,0.901035518325907,0.406148867313916,7,0.842647058823529,0.332960798122066,0.135231651017214,0.154358039906103,0.183182316118936,0.134962265258216,0.26507558685446,0.344275,0.230324823943662,0.0689627543035993,0.299415204678362,1,2.88916887695763,0.858793466182664,0.356315890625171,0.00997100548445637,2,0.999921160944968
"158","ML52837721","Macaulay Library",2017,"30/03/2017","","Ohio",41.01807,-81.5193,"Descending","Triplet","Dennis Mersky","ML52837721_terminal_strophes.wav",1.11274509803922,0.106830023637187,0.898678414096916,7,0.96029776674938,0.244463595664467,0.219694156456173,0.208386368991517,0.217001826107446,0.0476542471724788,0.239078934967012,0.326310438265787,0.172847608388313,0.157232092365693,0.909657320872274,1,1.31116854388786,-0.841667182885356,-1.21387646476033,0.339848299883504,1,0.999968679174987
"159","ML54188011","Macaulay Library",2017,"11/4/17","","Washington",47.66387,-122.42153,"Descending","Doublet","Kevin Kincaid","ML54188011_terminal_strophes.wav",1.04996096799375,0.0487529901392049,0.952416356877324,12,0.50657894736842,0.144926983173077,0.138030829326923,0.0622270132211538,0.122837740384615,0.0553577974759616,0.135768028846154,0.164861177884615,0.0821612079326923,0.0781204927884615,0.950819672131147,0,-2.82603120396151,1.43830722660782,0.0489418259271876,0.23915387835218,3,0.997884667182162
"160","ML54340501","Macaulay Library",2017,"12/4/17","","Missouri",38.36801,-91.24716,"Descending","Doublet","Jack Foreman","ML54340501_terminal_strophes.wav",1.15934065934066,0.147851446399271,0.862559241706161,6,0.62962962962963,0.172010869565217,0.148369565217391,0.0831521739130435,0.132065217391304,0.0440217391304348,0.138586956521739,0.17445652173913,0.0869565217391305,0.0858695652173914,0.987500000000001,0,-2.1865774593755,0.886383586706471,0.496874781878811,0.417118012713877,3,0.931732111317599
"161","ML54492741","Macaulay Library",2017,"14/04/2017","","South Carolina",35.10519,-81.26941,"Ascending","Triplet","Steven Biggers","ML54492741_terminal_strophes.wav",1.20965309200603,0.190333617680652,0.826683291770574,6,0.846473029045643,0.216694069304858,0.1791373665201,0.165357569095477,0.19534889290201,0.0770047503140703,0.20426523241206,0.285322864321608,0.150226811139028,0.141580663735343,0.942446043165468,0,0.395750870117068,-0.17623843468085,-0.446109701093705,0.191742061085304,1,0.98882265143426
"162","ML54547061","Macaulay Library",2017,"14/04/2017","","New York",40.77712,-73.96957,"Ascending","Triplet","Alexis Lamek","ML54547061_terminal_strophes.wav",1.13813229571984,0.129388581776692,0.878632478632479,9,0.870588235294118,0.235997581991359,0.207355140416339,0.199017903901545,0.228601646373396,0.0946679759099241,0.233980508641006,0.308208807934014,0.181375235663786,0.164996600058916,0.909697508896797,0,0.909917412121308,-0.269433582375746,-1.07342158596253,0.308442825547005,1,0.995653477923213
"163","ML54554911","Macaulay Library",2017,"15/04/2017","","Virginia",38.6217,-77.7228,"Descending","Triplet","Kelly Krechmer","ML54554911_terminal_strophes.wav",1.12173913043478,0.114880275998422,0.891472868217054,6,0.975708502024291,0.209164578045685,0.186464546319797,0.195382415926396,0.200246708439086,0.0543179330583756,0.212407439720812,0.270778949873097,0.150793067893401,0.149171637055838,0.989247311827957,0,0.41262908531632,-0.929405719249778,-0.534756145126605,0.824614160903588,1,0.999992802740333
"164","ML54838341","Macaulay Library",2016,"19/06/2016","","Alberta",56.6023,-110.2448,"Descending","Doublet","Laura Gooch","ML54838341_terminal_strophes.wav",2.75510204081633,1.0134544803278,0.362962962962963,5,0.703448275862069,0.328262298387097,0.119147056451613,0.165346935483871,0.235052016129032,0.158052217741935,0.280441370967742,0.353388548387097,0.259908091397849,0.0510630241935484,0.196465696465696,2,2.9963456324593,1.81599508452161,0.152712662457369,-0.275561021529766,2,0.999994818593169
"165","ML55055931","Macaulay Library",2017,"17/04/2017","","North Carolina",36.1384,-81.6723,"Ascending","Triplet","Wilcox Family","ML55055931_terminal_strophes.wav",1.2219730941704,0.20046684264318,0.818348623853211,9,0.959866220735786,0.219964451058201,0.180007605820106,0.154445987654321,0.160903659611993,0.0527376543209877,0.177585978835979,0.261535714285714,0.140777248677249,0.100093915343915,0.711009174311927,0,0.073746125930779,-0.925655872543462,0.149859778055461,0.468748547903975,1,0.999941146313338
"166","ML55530421","Macaulay Library",2017,"23/04/2017","","Virginia",37.6781,-77.9464,"Descending","Doublet","Darrell Peterson","WTSP60.wav",2.1588785046729,0.769588876059888,0.463203463203463,9,0.921501706484642,0.279673169378698,0.129545580621302,0.145284763313609,0.157660872781065,0.109232618343195,0.234069896449704,0.295412352071006,0.200815828402367,0.0581139053254437,0.289389067524116,0,1.97897446010911,0.237834587513635,0.840629202850965,0.516423062109564,2,0.999921204552572
"167","ML55593151","Macaulay Library",2017,"24/04/2017","","Maine",44.2261,-69.7787,"Ascending","Triplet","Jeff Wella","ML55593151_terminal_strophes.wav",1.15831663326653,0.146967772920859,0.863321799307958,9,0.881844380403458,0.233148848684211,0.201282483552632,0.164575657894737,0.186626644736842,0.0543207236842105,0.203299342105263,0.285587171052632,0.148763486842105,0.118187911184211,0.794468546637744,0,0.363179839709989,-0.453453035055421,-0.548735572781899,0.270356463636358,1,0.996813697495882
"168","ML56021031","Macaulay Library",2017,"29/04/2017","","New Jersey",40.5039,-74.4958,"Descending","Triplet","Sam Wijeratne","ML56021031_terminal_strophes.wav",1.2958152958153,0.259140069112296,0.771714922048998,6,0.925438596491228,0.242307642111369,0.186992423143852,0.170802602958237,0.184563950116009,0.0542358976218098,0.191039878190255,0.325415385730858,0.137073810904872,0.135994489559165,0.992125984251969,0,1.024876119299,-0.75267006587329,-0.255291392936643,-0.354885007304853,1,0.999745734030934
"169","ML56104121","Macaulay Library",2017,"28/04/2017","","New York",43.3201,-77.7264,"Monotone","Doublet","Nick Kachala","WTSP64.wav",2.10693069306931,0.74523224062623,0.474624060150376,10,0.842857142857143,0.257632450331126,0.122278559602649,0.142860099337748,0.169495033112583,0.136672185430464,0.222764900662252,0.276034768211921,0.209528145695364,0.0884602649006623,0.422187981510015,1,1.43135089101261,0.648867472267124,0.929573156601338,0.460346028770307,2,0.992154822228425
"170","ML56998831","Macaulay Library",2017,"6/5/17","","Minnesota",46.7393,-92.0611,"Ascending","Doublet","John Richardson","ML56998831_terminal_strophes.wav",1.01320754716981,0.0131210879626973,0.986964618249534,8,0.520325203252032,0.145218581309042,0.143325601664417,0.0692289698605488,0.133049426450742,0.0567893893387314,0.155765182186235,0.173613275978408,0.0985701543522267,0.0815333375506072,0.82716049382716,2,-2.56166321963995,1.411990998946,-0.329850615610719,0.404790740098024,3,0.997485161225345
"171","ML57168021","Macaulay Library",2017,"18/04/2017","","New York",42.4749,-76.4569,"Descending","Triplet","Jay Mcgowan","ML57168021_terminal_strophes.wav",1.15415821501014,0.143371260083641,0.866432337434095,9,0.939153439153439,0.229435253514056,0.198790122991968,0.190860023427042,0.203225602409639,0.0634411311914324,0.204838504016064,0.293548092369478,0.172903253012048,0.127016001506024,0.734607355809398,0,0.583979786906295,-0.802068816969145,-0.55663824798808,0.317469569690378,1,0.999821091978
"172","ML66742","Macaulay Library",1951,"30/05/1951","","Ontario",45.8372,-78.3791,"Ascending","Triplet","William Gunn","ML66742_terminal_strophes.wav",1.4083885209713,0.342446157861756,0.710031347962382,6,0.685279187817259,0.17293123990307,0.122786601373183,0.109776100565428,0.160191791195477,0.095952443457189,0.161004947495961,0.286231017770598,0.121973445072698,0.121973445072698,1,0,-0.104943264946779,0.646291272624655,0.248631292115915,-0.773251532314433,3,0.712909698727752
"173","ML66744","Macaulay Library",1953,"18/06/1953","","Ontario",46.3679,-79.9247,"Descending","Triplet","William Gunn","WTSP34.wav",1.09055673009161,0.086688327398708,0.916962843295639,12,0.91304347826087,0.166480547188755,0.152656475903615,0.118607304216867,0.129903237951807,0.0790715361445783,0.130710090361446,0.235600903614458,0.110000878514056,0.108387173694779,0.985330073349633,0,-1.12014764417465,-1.09016384534069,0.293255518961736,0.16253688365619,1,0.999493747885307
"174","ML66745","Macaulay Library",1954,"19/06/1954","","Ontario",45.8372,-78.3791,"Descending","Triplet","William Gunn","ML66745_terminal_strophes.wav",1.03966005665722,0.0388937911212735,0.961852861035422,9,0.928909952606635,0.148480517633675,0.14281641069397,0.105729996207812,0.113821577550246,0.0544833143723928,0.116518771331058,0.211999431171786,0.0987172923777019,0.082129550625711,0.831967213114754,0,-1.64336128951721,-1.28873016749461,0.417581306546944,0.366969782361692,1,0.999721910518605
"175","ML66751","Macaulay Library",1956,"10/7/56","","Quebec",46.8027,-71.3334,"Ascending","Triplet","William Gunn","WTSP36.wav",1,2.22044604925031e-16,1,9,0.779411764705882,0.147449269005848,0.147449269005848,0.0858770467836257,0.110181871345029,0.0685936159844054,0.113422514619883,0.221984064327485,0.0913861403508772,0.0842567251461988,0.921985815602837,0,-1.97387557985167,-0.556134314035422,0.025853140860803,-0.165009381538061,1,0.875980448789009
"176","ML66752","Macaulay Library",1957,"18/06/1957","","Quebec",48.181,-65.8874,"Ascending","Triplet","William Gunn","ML66752_terminal_strophes.wav",1.2280701754386,0.205443974214809,0.814285714285714,6,0.897260273972603,0.17066557187017,0.138970537094281,0.106462809119011,0.118653207109737,0.0747677743431221,0.118653207109737,0.25356027820711,0.100773956723338,0.099148570324575,0.983870967741935,0,-0.804848182232891,-0.9570788967128,0.702825981940448,-0.300178862679426,1,0.998878960525778
"177","ML66753","Macaulay Library",1957,"4/7/57","","Ontario",47.8493,-81.3561,"Descending","Triplet","William Gunn","ML66753_terminal_strophes.wav",1.01319875776397,0.0131124130924942,0.986973180076629,8,0.947126436781609,0.175993240870786,0.173700608614232,0.111125234082397,0.117328827247191,0.0728247893258427,0.118137991573034,0.265405898876404,0.104786780196629,0.0918401509831461,0.876447876447877,2,-1.03122875638216,-1.59936570463872,-0.0409681784799788,-0.311767391652945,1,0.999915720885749
"178","ML66755","Macaulay Library",1957,"5/7/57","","Ontario",47.8493,-81.3561,"Ascending","Triplet","William Gunn","WTSP31.wav",1.36,0.307484699747961,0.735294117647059,6,0.936170212765958,0.166165760869565,0.122180706521739,0.10751902173913,0.114849864130435,0.0863410326086957,0.123809782608696,0.241103260869565,0.106975996376812,0.098830615942029,0.923857868020304,0,-0.599827409908221,-0.958874450893977,1.12282421250801,0.0142689701772279,1,0.999844175129902
"179","ML66756","Macaulay Library",1957,"8/7/57","","Ontario",47.8493,-81.3561,"Descending","Triplet","William Gunn","ML66756_terminal_strophes.wav",1.13256784968685,0.124487488003699,0.882949308755761,12,0.930379746835443,0.175021086402821,0.154534747257053,0.118562671434169,0.1274347080721,0.0826712504898119,0.137113293495298,0.272613489420063,0.11157258196186,0.107539838035528,0.963855421686747,0,-0.488789238460615,-1.20080015864452,0.149379641026759,-0.243074845750529,1,0.999795668005978
"180","ML66757","Macaulay Library",1958,"8/5/58","","Ontario",45.8372,-78.3791,"Descending","Triplet","William Gunn","ML66757_terminal_strophes.wav",1.02284263959391,0.0225856526487493,0.977667493796526,9,0.817073170731707,0.163036198193411,0.159395191285866,0.108421094580234,0.132694473963868,0.0809112646121148,0.145640276301807,0.284807651434644,0.109068384697131,0.105184643995749,0.964391691394659,0,-0.738420314911838,-0.702304851717043,-0.561773510364459,-0.561608329356609,1,0.967205079148173
"181","ML66758","Macaulay Library",1958,"11/5/58","","Ontario",45.8372,-78.3791,"Descending","Triplet","William Gunn","ML66758_terminal_strophes.wav",1.54809843400447,0.437027361004101,0.645953757225433,6,0.840659340659341,0.187450090159711,0.121084090030912,0.124334669629057,0.147901371715611,0.0918288736476043,0.151151951313756,0.302303902627512,0.125689077794951,0.11702086553323,0.931034482758621,0,0.464798205401179,-0.249719093405099,0.705967326516854,-0.758263188749176,1,0.985659810849982
"182","ML66759","Macaulay Library",1958,"22/05/1958","","Ontario",51.2731,-80.64,"Ascending","Triplet","William Gunn","ML66759_terminal_strophes.wav",1.01225490196078,0.0121804185568715,0.987893462469733,9,0.88646288209607,0.166909745489691,0.164889046391753,0.109387177835052,0.123397358247423,0.0743617268041237,0.134174420103093,0.290980670103093,0.107016224226804,0.0965894168814433,0.902567975830816,0,-0.679588381832825,-1.22073531017998,-0.448195636602865,-0.619130955403371,1,0.997833406006738
"183","ML66760","Macaulay Library",1958,"26/05/1958","","Ontario",51.2731,-80.64,"Ascending","Triplet","William Gunn","ML66760_terminal_strophes.wav",1.046875,0.0458095360312944,0.955223880597015,9,0.801801801801801,0.162778523489933,0.155489932885906,0.0961014168530947,0.119856823266219,0.0750454884414616,0.121476510067114,0.242953020134228,0.103336017897092,0.089082774049217,0.862068965517241,0,-1.47180148467059,-0.612552001495349,0.0265078226523924,-0.315539266395384,1,0.933848040752142
"184","ML66761","Macaulay Library",1958,"27/05/1958","","Ontario",51.2731,-80.64,"Descending","Triplet","William Gunn","ML66761_terminal_strophes.wav",1.06625258799172,0.0641502470111632,0.937864077669903,12,0.956989247311827,0.166228595890411,0.155899828767123,0.107725813356164,0.112567422945205,0.0629409246575342,0.116198630136986,0.213030821917808,0.0957562785388128,0.09306649543379,0.971910112359551,0,-1.51253204173217,-1.41151189330702,0.551582780905761,0.411111650838457,1,0.999964145115551
"185","ML66764","Macaulay Library",1958,"7/7/58","","Ontario",47.8493,-81.3561,"Ascending","Triplet","William Gunn","ML66764_terminal_strophes.wav",1.0929648241206,0.0888940258042465,0.914942528735632,9,0.835820895522388,0.176033228272532,0.161060287017167,0.0906469957081545,0.108452655579399,0.0669061158798283,0.127877011802575,0.331832752145923,0.0898376475321889,0.0877333422746781,0.976576576576576,0,-0.183794528935705,-0.974521328038059,-0.418812002388237,-1.40931544634621,1,0.984100825246083
"186","ML66765","Macaulay Library",1960,"2/6/60","","Ontario",47.8493,-81.3561,"Descending","Triplet","William Gunn","ML66765_terminal_strophes.wav",1.0280612244898,0.0276747221562207,0.972704714640198,9,0.888324873096446,0.162933318896588,0.158486007462687,0.0943369092039801,0.106196406361052,0.0549849413646056,0.124524720149254,0.260369869402985,0.0892696695095949,0.0800516058102346,0.896739130434782,0,-1.10147328297116,-1.17437114689366,-0.0829733756719835,-0.308179517598344,1,0.997992704785723
"187","ML66768","Macaulay Library",1960,"28/06/1960","","Ontario",50.0978,-91.922,"Descending","Triplet","William Gunn","ML66768_terminal_strophes.wav",1.07791446983011,0.0750281278085899,0.927717391304349,12,0.862745098039216,0.197650663008688,0.183363957475995,0.124068758573388,0.143806970164609,0.064048482510288,0.165962105624143,0.264250342935528,0.114132516003658,0.107150291495199,0.938823529411765,0,-0.52010420415168,-0.660754717437033,-0.346495502135757,0.0768386932699393,1,0.994221194725082
"188","ML66769","Macaulay Library",1960,"30/06/1960","","Ontario",50.0978,-91.922,"Descending","Triplet","William Gunn","ML66769_terminal_strophes.wav",1.13101160862355,0.123112461116277,0.8841642228739,6,0.795698924731183,0.18477391025641,0.163370480769231,0.120292692307692,0.151178653846154,0.0698998076923077,0.157680961538462,0.230831923076923,0.114332243589744,0.113248525641026,0.990521327014218,0,-1.02621448491453,-0.149022079330299,0.0564395289853656,0.270382099985066,1,0.934737198425805
"189","ML66770","Macaulay Library",1960,"5/7/60","","Ontario",53.7586,-90.0764,"Ascending","Triplet","William Gunn","ML66770_terminal_strophes.wav",1.30285714285714,0.264559655030927,0.767543859649123,6,0.878205128205128,0.185315870570108,0.142238058551618,0.111352080123267,0.126795069337442,0.0739637904468413,0.130046224961479,0.276348228043143,0.104578839239856,0.103495120698511,0.989637305699482,0,-0.324435264198864,-0.754342751757645,0.614450421833976,-0.535933833197763,1,0.997328629533307
"190","ML66771","Macaulay Library",1960,"5/7/60","","Ontario",53.7586,-90.0764,"Ascending","Triplet","William Gunn","ML66771_terminal_strophes.wav",1.18840579710145,0.172612742666994,0.841463414634146,6,0.858895705521473,0.17777952952953,0.14959496996997,0.11382225975976,0.132521631006006,0.0788625656906907,0.141464808558558,0.260165165165165,0.112196227477477,0.104608076826827,0.932367149758455,0,-0.62200833295671,-0.644269208850987,0.2759725383909,-0.197759121183335,1,0.993135460303678
"191","ML66772","Macaulay Library",1960,"6/7/60","","Ontario",50.0978,-91.922,"Ascending","Triplet","William Gunn","ML66772_terminal_strophes.wav",1.46341463414634,0.380772495517792,0.683333333333334,6,0.94776119402985,0.195136778115501,0.133343465045593,0.103259878419453,0.108951367781155,0.0821200607902735,0.128465045592705,0.305714285714286,0.10515704154002,0.091063829787234,0.865979381443299,0,0.369972102861103,-1.10538168212164,0.878450885883173,-0.817926825367935,1,0.999917816669241
"192","ML66773","Macaulay Library",1960,"6/7/60","","Ontario",50.0978,-91.922,"Descending","Triplet","William Gunn","WTSP43.wav",1.20855614973262,0.189426382417699,0.827433628318584,6,0.835365853658537,0.183552190721649,0.151877255154639,0.111268363402062,0.133197164948454,0.0665985824742268,0.134821520618557,0.251775128865979,0.104500214776632,0.102875859106529,0.984455958549223,0,-0.806299226673265,-0.504559375112863,0.425224553051656,-0.222505082968376,1,0.984099909472239
"193","ML66774","Macaulay Library",1960,"6/7/60","","Ontario",49.4333,-94.0138,"Ascending","Triplet","William Gunn","ML66774_terminal_strophes.wav",1.42168674698795,0.351844016669067,0.703389830508475,6,0.918604651162791,0.191815265486726,0.134920907079646,0.128418694690265,0.139797566371681,0.0796521017699115,0.147925331858407,0.30072732300885,0.11703982300885,0.114872418879056,0.981481481481481,0,0.417768876023877,-0.819060049707392,0.603748610397089,-0.573707907850556,1,0.999619632602669
"194","ML66776","Macaulay Library",1960,"13/07/1960","","New York",44.3659,-73.9026,"Ascending","Triplet","William Gunn","ML66776_terminal_strophes.wav",1.05759162303665,0.0559942693545746,0.945544554455446,9,0.902325581395349,0.163396105664488,0.154498297930283,0.104616648511256,0.115941131082062,0.0776535947712419,0.118098175381264,0.268552015250545,0.103538126361656,0.0942358728213508,0.910156250000001,0,-0.976959985798592,-1.27760973125315,0.0564901533026424,-0.474592389075007,1,0.998995458452136
"195","ML66777","Macaulay Library",1960,"13/07/1960","","New York",44.3659,-73.9026,"Ascending","Triplet","William Gunn","ML66777_terminal_strophes.wav",1.45416666666667,0.374432998860436,0.687679083094556,6,0.888198757763976,0.189186415262889,0.13009954058193,0.1162764643951,0.130912662710567,0.095135289050536,0.143109494640122,0.294350210566616,0.117631667942828,0.11058460949464,0.940092165898617,0,0.267884936586932,-0.630254832175153,0.720296481670846,-0.621164780180362,1,0.998124577119439
"196","ML66778","Macaulay Library",1960,"14/07/1960","","New York",44.3659,-73.9026,"Ascending","Triplet","William Gunn","ML66778_terminal_strophes.wav",1.38924731182796,0.328762098195246,0.719814241486068,6,0.877551020408163,0.175144040854978,0.126071174918831,0.104923752029221,0.119564275568182,0.0788961546266234,0.122004362824675,0.274916497564935,0.101941423160173,0.100314698322511,0.984042553191489,0,-0.305721928381778,-0.716749546725548,0.902589233709635,-0.627814573184697,1,0.99721107287793
"197","ML66779","Macaulay Library",1960,"14/07/1960","","New York",44.3659,-73.9026,"Ascending","Triplet","William Gunn","ML66779_terminal_strophes.wav",1.35947712418301,0.307100158308882,0.735576923076923,6,0.98,0.169104669887279,0.124389492753623,0.119511473429952,0.121950483091787,0.0804873188405797,0.123576489533011,0.263413043478261,0.108942431561997,0.105690418679549,0.970149253731343,0,-0.251992352052672,-1.28408065512705,1.02982992123074,-0.195017531587037,1,0.999995151540472
"198","ML66780","Macaulay Library",1960,"14/07/1960","","New York",44.3659,-73.9026,"Ascending","Triplet","William Gunn","ML66780_terminal_strophes.wav",1.04726368159204,0.0461807450633605,0.954869358669834,9,0.831967213114754,0.170241607324517,0.162558494404883,0.109450661241099,0.131556459816887,0.087884028484232,0.15204476093591,0.310559511698881,0.109666327568667,0.109585452695829,0.999262536873156,0,-0.273545964827154,-0.783088412800057,-0.68052181311879,-0.812667687072211,1,0.982722158242268
"199","ML66781","Macaulay Library",1960,"17/07/1960","","Vermont",44.5437,-72.8143,"Ascending","Triplet","William Gunn","ML66781_terminal_strophes.wav",1.13932980599647,0.13044020005485,0.877708978328174,6,0.753424657534246,0.175147295891836,0.153728354134165,0.0894715288611545,0.118753120124805,0.072390600624025,0.125260140405616,0.211478159126365,0.0986898075923037,0.0883870254810193,0.895604395604396,0,-1.68916524707335,-0.0655093839096904,0.469342390339793,0.0372151910151289,1,0.736993070631467
"200","ML66783","Macaulay Library",1962,"10/6/62","","British Columbia",53.9171,-122.7497,"Ascending","Triplet","William Gunn","ML66783_terminal_strophes.wav",1.10486891385768,0.0997266979395701,0.905084745762712,6,0.675,0.16031103286385,0.145095070422535,0.0880352112676057,0.130422535211268,0.0717323943661972,0.13531338028169,0.208676056338028,0.0967300469483568,0.0967300469483568,1,0,-1.84400131789007,0.415151005420178,0.175324264455793,0.0168077827482834,3,0.7722736957303
"201","ML66786","Macaulay Library",1962,"10/6/62","","Alberta",55.1699,-118.7986,"Ascending","Triplet","William Gunn","ML66786_terminal_strophes.wav",1.35456475583864,0.303480189328373,0.738244514106583,6,0.898809523809524,0.172907155081622,0.127647758688784,0.122769500394945,0.136591232227488,0.0813043048973144,0.139843404423381,0.27155637835703,0.114368055555556,0.112741969457609,0.985781990521327,0,-0.148410200077179,-0.733196194235991,0.704074664777468,-0.304536054422646,1,0.998964738229618
"202","ML66788","Macaulay Library",1963,"22/06/1963","","Ontario",45.8372,-78.3791,"Descending","Triplet","William Gunn","ML66788_terminal_strophes.wav",1.01168224299065,0.0116145324206924,0.988452655889146,9,0.852941176470588,0.175084132221115,0.173062375498008,0.10944443061089,0.12831416002656,0.0792528635458167,0.135862051792829,0.313776643426295,0.10901312250996,0.1014921875,0.931008902077151,0,-0.465447098470389,-1.09104215425189,-0.66335628295175,-0.999038092352366,1,0.991211400762573
"203","ML66789","Macaulay Library",1963,"23/06/1963","","Ontario",45.8372,-78.3791,"Ascending","Triplet","William Gunn","ML66789_terminal_strophes.wav",1.36213991769547,0.309056932036514,0.734138972809668,6,0.919753086419753,0.179507836990596,0.131783699059561,0.121208463949843,0.131783699059561,0.0846018808777429,0.13341065830721,0.274956112852665,0.112802507836991,0.112260188087774,0.995192307692308,0,-0.127089982377365,-0.902860321614053,0.786890603395021,-0.381813598883549,1,0.999655329403684
"204","ML66791","Macaulay Library",1971,"15/06/1971","","Ontario",45.8372,-78.3791,"Ascending","Triplet","William Gunn","ML66791_terminal_strophes.wav",1.32142857142857,0.278713402469021,0.756756756756757,6,0.917721518987342,0.180622000773994,0.136686919504644,0.117973829334365,0.128550793343653,0.0650890092879257,0.128550793343653,0.252219910990712,0.105227231682147,0.102515189628483,0.974226804123711,0,-0.51215062040707,-0.894067971765828,0.887868743363004,-0.122798907417665,1,0.999594796951254
"205","ML66792","Macaulay Library",1971,"16/06/1971","","Ontario",45.8372,-78.3791,"Descending","Triplet","Christopher Gunn","ML66792_terminal_strophes.wav",1.01626016260163,0.0161293819298837,0.984,15,0.931567328918322,0.172595179342557,0.169833656473077,0.135958975940777,0.145946483652067,0.0860214373843306,0.156256169031462,0.272240129549661,0.126656095774213,0.118055102670309,0.932091755621168,0,-0.544603521679154,-1.25308487366201,-0.458168766347116,0.0248522310738187,1,0.999797951431244
"206","ML66793","Macaulay Library",1977,"21/05/1977","","Alberta",50.2227,-111.7687,"Ascending","Triplet","William Gunn","ML66793_terminal_strophes.wav",1.1150895140665,0.108934683363668,0.896788990825689,9,0.848214285714286,0.176336106601732,0.158136279085498,0.102458288239538,0.120792929292929,0.0506898899711399,0.124567708333333,0.22810450487013,0.0999777191558441,0.0804836816829004,0.805016181229774,0,-1.35751668896084,-0.701920658727761,0.404720067019412,0.0298691882238827,1,0.986950707276555
"207","ML73982","Macaulay Library",1992,"3/6/92","","Michigan",46.6274,-85.0374,"Ascending","Triplet","Geoffrey Keller","ML73982_terminal_strophes.wav",1.34831460674157,0.298855373049906,0.741666666666667,6,0.840659340659341,0.195169939577039,0.144751038519637,0.124420836480363,0.148003870845921,0.0674962707703928,0.151256703172205,0.297634157854985,0.113306992698892,0.113306992698892,1,0,0.155321746160002,-0.408347107070475,0.330188260663696,-0.669384722485686,1,0.987765233402494
"208","ML73984","Macaulay Library",1992,"3/6/92","","Michigan",46.6274,-85.0374,"Ascending","Triplet","Geoffrey Keller","ML73984_terminal_strophes.wav",1.37984496124031,0.321971145930413,0.724719101123596,6,0.745762711864407,0.192914580073031,0.139808881064163,0.107295187793427,0.143873092723005,0.0747814945226917,0.14631161971831,0.279617762128326,0.118133085550339,0.0991667644757433,0.839449541284404,0,-0.262245815847232,0.188785251505794,0.44878993406111,-0.71195497980731,1,0.665124901594835
"209","ML73990","Macaulay Library",1992,"4/6/92","","Michigan",46.6274,-85.0374,"Descending","Triplet","Geoffrey Keller","ML73990_terminal_strophes.wav",1.15839243498818,0.147033212058394,0.863265306122449,9,0.949206349206349,0.197905329134981,0.170844804538973,0.161016852820025,0.169633139258555,0.0549288260456274,0.177710907794677,0.264950807984791,0.144430501425856,0.108645986810836,0.752237136465324,0,-0.0272969652412019,-0.956547674205284,-0.0786870943381448,0.406941142830973,1,0.999909795329248
"210","ML77095","Macaulay Library",1996,"11/6/96","","New York",43.7897,-74.2128,"Ascending","Triplet","Curtis Marantz","ML77095_terminal_strophes.wav",1.16626506024096,0.153806386485933,0.857438016528926,9,0.934615384615384,0.195460472043996,0.167595239459212,0.130845439963336,0.139999236174763,0.0489997326611671,0.153460701191567,0.276229262144821,0.121476260311641,0.0880379812098991,0.724734042553191,0,-0.184623251332313,-1.07282993411932,0.0827281144609358,-0.0874579017672731,1,0.999758717204014
"211","ML84752","Macaulay Library",1997,"3/4/97","","Maryland",39.4166,-77.2083,"Ascending","Triplet","Wilbur Hershberger","ML84752_terminal_strophes.wav",1.14331723027375,0.133933888101883,0.874647887323943,6,0.934782608695653,0.192229516806723,0.168133140756302,0.139704831932773,0.149451680672269,0.0609178046218487,0.151076155462185,0.272911764705882,0.124543067226891,0.10883981092437,0.873913043478261,0,-0.296025750410216,-1.11158478506026,0.0550085750474672,-0.0660212750028497,1,0.999815906217224
"212","ML93491201","Macaulay Library",2018,"4/8/18","Westchester","New York",41.1751,-73.8719,"UpDown","Triplet","valerie heemstra","ML93491201_terminal_strophes.wav",1.00568181818182,0.0056657375356773,0.994350282485876,6,0.746938775510204,0.191636854951185,0.190554160855416,0.148599764644351,0.198945040097629,0.0600895223152022,0.206253225244073,0.266342747559275,0.142374273593677,0.129381944444444,0.908745247148289,0,-0.458352418840394,0.163913607983015,-1.17672081362713,0.279737261454474,1,0.698087704842107
"213","ML93553411","Macaulay Library",2018,"4/8/18","Milwaukee","Wisconsin",43.1306,-87.9347,"Descending","Doublet","Gustav Holtz","ML93553411_terminal_strophes.wav",1.01470588235294,0.0145987994211522,0.985507246376812,11,0.484429065743945,0.156042779291553,0.153781289736603,0.0565372388737512,0.116709014532243,0.0511527399333938,0.132458673932788,0.182534514078111,0.0791521344232516,0.0751137602179836,0.948979591836734,2,-2.79168809766731,1.42418380213162,-0.207479040361643,-0.0955652360769736,3,0.998853895638159
"214","ML93819141","Macaulay Library",2018,"4/10/18","Hampshire","Massachusetts",42.3174,-72.6503,"Ascending","Triplet","Mary McKitrick","WTSP30.wav",1.01165501165501,0.011587615172388,0.988479262672811,7,0.898989898989899,0.233819444444444,0.231125672043011,0.191796594982079,0.213346774193548,0.0767725134408603,0.214963037634409,0.287694892473118,0.174556451612903,0.152467517921147,0.873456790123457,1,0.220286006582846,-0.702806575421784,-1.18344206497452,0.455386947118903,1,0.998743155877889
"215","ML93822501","Macaulay Library",2018,"4/8/18","Spencer","Indiana",37.8472,-87.1508,"Ascending","Doublet","John Meredig","WTSP51.wav",2.04132973944295,0.713601428565497,0.48987676056338,8,0.997983870967742,0.305908087138168,0.149857262757386,0.133296217547001,0.133565502834975,0.122794091316025,0.213273948075201,0.310216651745747,0.182575425246195,0.0763423791405551,0.418141592920354,2,2.00368764275119,-0.44602505277016,0.924388852474104,0.243647888190874,2,0.99775222391312
"216","ML93834681","Macaulay Library",2018,"4/10/18","York","South Carolina",35.1052,-81.2694,"Ascending","Triplet","Steven Biggers","ML93834681_terminal_strophes.wav",1.13642756680731,0.127889628717854,0.879950495049505,6,0.831967213114755,0.218247298919568,0.192046818727491,0.164495798319328,0.197719087635054,0.0559123649459784,0.205822328931573,0.281992797118848,0.139915966386555,0.138835534213685,0.992277992277992,0,0.201865473818659,-0.168290699091135,-0.683256518300636,0.23479038081236,1,0.982251860766344
"217","ML94120091","Macaulay Library",2018,"4/12/18","Benton","Oregon",44.5832,-123.299,"Ascending","Doublet","Hendrik Herlyn","ML94120091_terminal_strophes.wav",1.16078431372549,0.149095909165634,0.861486486486487,8,0.594594594594594,0.199568500539374,0.171925566343042,0.0830636461704423,0.139697950377562,0.0679611650485437,0.150485436893204,0.270226537216828,0.101132686084142,0.0999190938511327,0.988,2,-1.0040596239198,0.865873640781634,-0.30248681811624,-0.86375471272949,3,0.973902459608379
"219","ML94146141","Macaulay Library",2018,"4/12/18","Shelburne","Nova Scotia",43.4955,-65.5771,"Ascending","Triplet","Mark Dennis","ML94146141_terminal_strophes.wav",1.1701244813278,0.157110137447458,0.854609929078014,6,0.828767123287672,0.228503948967193,0.195281743620899,0.196092041312272,0.236606925880923,0.0980460206561361,0.2463304981774,0.277121810449575,0.182046881328473,0.171783110571081,0.943620178041543,0,0.664402509757847,0.202830155029566,-0.933573620846313,0.789836473133819,1,0.977870380355078
"220","ML94149261","Macaulay Library",2018,"4/12/18","Westchester","New York",41.1098,-73.8352,"Ascending","Triplet","valerie heemstra","ML94149261_terminal_strophes.wav",2.32051282051282,0.841788204576234,0.430939226519337,5,0.764957264957265,0.294125,0.12675,0.1454375,0.190125,0.1243125,0.219375,0.303875,0.199333333333333,0.0658124999999999,0.330163043478261,2,1.67334182676216,1.06073046151614,0.859649871491164,-0.170850388176959,2,0.999840013539156
"222","ML94266321","Macaulay Library",2018,"4/13/18","Kendall","Illinois",41.6685,-88.5256,"Ascending","Doublet","Charles Shields","WTSP41.wav",1,2.22044604925031e-16,1,9,0.65236051502146,0.145480049875312,0.145480049875312,0.0821280133000832,0.125893599334996,0.0486284289276808,0.145885286783042,0.194513715710723,0.0875311720698255,0.0839650872817955,0.959259259259259,0,-2.19066404365745,0.493447967021065,-0.262083497329476,0.31297035524341,3,0.881547544955302
"224","ML94685391","Macaulay Library",2018,"4/15/18","Buncombe","North Carolina",35.565,-82.6191,"UpDown","Triplet","Miles Buddy","ML94685391_terminal_strophes.wav",1.11969111969112,0.113052861280982,0.893103448275862,6,0.861313868613138,0.234864654195011,0.209758432539683,0.191131235827664,0.22190660430839,0.0696495181405896,0.223526360544218,0.302894416099773,0.162515542328042,0.159276029856387,0.980066445182724,0,0.671689876794293,-0.300618604935915,-1.01117965080634,0.234664131846359,1,0.994330837868058
"226","ML95228051","Macaulay Library",2018,"4/18/18","Cape May","New Jersey",38.9623,-74.9395,"Ascending","Triplet","Tom Johnson","WTSP59.wav",1.22314049586777,0.201421728167374,0.817567567567567,6,0.94142259414226,0.239638327721661,0.195920524691358,0.182157512626263,0.193491757856341,0.0574808150953984,0.19915888047138,0.307643799102132,0.14950409184437,0.139249298540965,0.931407942238267,0,0.819725287033927,-0.812231907598302,-0.38710114567971,0.0439112981885137,1,0.999888828962593
"227","ML95963851","Macaulay Library",2018,"4/22/18","Delaware","Pennsylvania",39.9592,-75.4506,"Descending","Triplet","David Eberly","ML95963851_terminal_strophes.wav",1.20923520923521,0.18998810129218,0.826968973747017,6,0.99604743083004,0.226350066218419,0.187184481968215,0.204201253056235,0.205011575488998,0.0567225702933986,0.223648991442543,0.286854141198044,0.160984056642217,0.149639542583537,0.929530201342282,0,0.9421919894361,-0.899456876744252,-0.450447029927517,0.772532452425343,1,0.999999518659936
"228","ML97718781","Macaulay Library",2018,"5/2/18","Québec City","Quebec",46.8377,-71.2122,"Ascending","Triplet","Guillaume Charette","ML97718781_terminal_strophes.wav",1.7351598173516,0.551099522903931,0.576315789473684,8,0.96875,0.20508157483392,0.118191749706917,0.100382033997655,0.103620164126612,0.0663816676436108,0.157049311254396,0.314098622508793,0.112929788247362,0.0732626941676436,0.648745519713261,2,1.12107528343345,-0.852346914515742,1.03035797122929,-0.556211128390746,1,0.998915306191942
"229","ML97782401","Macaulay Library",2018,"4/30/18","Ottawa","Michigan",42.9459,-85.8806,"Descending","Doublet","Lisa Casler","ML97782401_terminal_strophes.wav",2.32888888888889,0.845391282116622,0.429389312977099,7,0.822064056939502,0.282679252067602,0.121379449838188,0.124616235167206,0.151589446242359,0.10762311218986,0.221719795037756,0.305876213592233,0.1942071197411,0.047472851492269,0.244444444444445,1,1.84575504818863,0.74675905546347,0.903739425006064,-0.0318021378094093,2,0.999987753460044
"230","ML98806","Macaulay Library",1992,"1/6/92","","Michigan",46.6274,-85.0374,"Ascending","Triplet","Geoffrey Keller","ML98806_terminal_strophes.wav",1.30740740740741,0.268046097934922,0.764872521246459,6,0.887700534759358,0.191263379491018,0.146292103293413,0.134913828592814,0.151981240643713,0.0707078499251497,0.157670377994012,0.295835142215569,0.120284618263473,0.118117327844311,0.981981981981982,0,0.242285873877224,-0.668296997423983,0.243048028185229,-0.44549006747967,1,0.998231240058076
"231","ML98808","Macaulay Library",1992,"1/6/92","","Michigan",46.6274,-85.0374,"Descending","Triplet","Geoffrey Keller","WTSP52.wav",1.15135453474676,0.140939105548173,0.868542199488491,12,0.953846153846154,0.209999368686869,0.182393313570487,0.149846096837945,0.157096714426877,0.053976819828722,0.162736083662714,0.296469696969697,0.122186333443127,0.118426753952569,0.96923076923077,0,0.166658437558434,-1.20186555828095,-0.164603314442159,-0.207436195281925,1,0.999954775371103
"232","ML98816","Macaulay Library",1992,"1/6/92","","Michigan",46.6274,-85.0374,"Ascending","Triplet","Geoffrey Keller","ML98816_terminal_strophes.wav",1.25082508250825,0.223803399573058,0.799472295514512,6,1,0.205006539351852,0.163897048611111,0.158217447916667,0.158217447916667,0.0592301215277778,0.162274305555556,0.285602777777778,0.126573958333333,0.123869386574074,0.978632478632479,0,0.315149169698084,-1.30871800940974,0.265493509168403,0.0351801458681047,1,0.999999935465586
"233","XC137567","Xeno Canto",2013,"1/6/13","","Quebec",47.8534,-70.42,"","Triplet","Martin St-Michel","XC137567_terminal_strophes.wav",1.07660455486542,0.0738121579229003,0.928846153846154,9,0.898148148148149,0.209884623344371,0.194950525144868,0.156606218956954,0.174365687086093,0.0645798841059603,0.180823675496689,0.322899420529801,0.143044443294702,0.117858288493378,0.82392776523702,0,0.402839381854947,-0.947931897593386,-0.842836670203101,-0.475683364691152,1,0.998581626390941
"234","XC137568","Xeno Canto",2013,"2/6/13","","Quebec",47.8534,-70.42,"","Triplet","Martin St-Michel","WTSP35.wav",1.2,0.182321556793954,0.833333333333334,6,0.939086294416244,0.199511269181586,0.166259390984655,0.150038962595908,0.159771219629156,0.0348739210358056,0.171936540920716,0.274125239769821,0.120571851023018,0.109217551150895,0.905829596412556,0,0.0735878069847509,-0.915052488347585,0.0286391529362152,0.175533721212891,1,0.999865618527693
"235","XC139053","Xeno Canto",2013,"15/06/2013","","Quebec",47.8043,-70.7847,"","Triplet","Martin St-Michel","WTSP44.wav",1.15551181102362,0.144543372249614,0.86541737649063,9,0.84,0.236609398638427,0.204765885022693,0.158008320726172,0.188105143721634,0.049982223903177,0.195091906202723,0.296668683812405,0.148011875945537,0.112056921331316,0.757080610021786,0,0.307315644572168,-0.312184417880166,-0.607740097879583,-0.0873795773348436,1,0.980534506183029
"236","XC141294","Xeno Canto",2013,"2/7/13","","Illinois",41.8859,-87.6176,"","Doublet","C Lubecke","XC141294_terminal_strophes.wav",2.45283018867925,0.897242536903461,0.407692307692308,5,0.677710843373494,0.316656163674033,0.12909828211326,0.182686248273481,0.269563708563536,0.176190737223757,0.269563708563536,0.332894941298343,0.263609490101289,0.0982446046270718,0.372689938398357,2,2.46106570116171,1.86986653248604,0.171699802291135,-0.174703473093577,2,0.998636592513485
"237","XC142150","Xeno Canto",2013,"10/7/13","","Georgia",34.9478,-85.0346,"","Triplet","David Hollie","XC142150_terminal_strophes.wav",1.33893557422969,0.291874950711817,0.746861924686192,6,0.970711297071129,0.258001458789205,0.192691466083151,0.187833698030634,0.193501094091904,0.070437636761488,0.212122538293217,0.3254704595186,0.162465353756382,0.138716265499635,0.853820598006644,0,1.42435978281759,-0.815534677869169,-0.293207085094507,0.00881967764766226,1,0.999985395023435
"238","XC14296","Xeno Canto",2007,"11/6/07","","Minnesota",47.5456,-91.4614,"","Doublet","Andrew Spencer","WTSP6.wav",2.41509433962264,0.881738350367495,0.4140625,5,0.671232876712329,0.311492496589359,0.128977361869031,0.158990961800819,0.236864085948158,0.147634464529332,0.254710010231924,0.311492496589359,0.241731156207367,0.0624607349931787,0.258389261744966,2,2.012794844244,1.8576754423261,0.422314145899976,-0.0723736451189414,2,0.999963132259005
"239","XC14297","Xeno Canto",2007,"12/6/07","","Minnesota",48.056,-90.5243,"","Doublet","Andrew Spencer","XC14297_terminal_strophes.wav",2.25641025641026,0.81377516834856,0.443181818181818,5,0.568027210884353,0.285295424836601,0.126437745098039,0.135353227124183,0.238286519607843,0.0964493055555556,0.238286519607843,0.330683333333333,0.202624591503268,0.0470089052287582,0.232,2,1.75910473765726,2.21611911191393,0.193533452195535,-0.787856901039099,2,0.99995397695228
"240","XC14298","Xeno Canto",2007,"12/6/07","","Minnesota",48.056,-90.5243,"","Doublet","Andrew Spencer","XC14298_terminal_strophes_retrim2024.wav",2.60215053763441,0.95633823300343,0.384297520661157,9,0.907936507936508,0.292935661764706,0.112574448529412,0.153865196078431,0.169466911764706,0.103294117647059,0.243709558823529,0.314724264705882,0.218854411764706,0.0464016544117647,0.212020648967552,0,2.49645140020921,0.466344212697394,0.935981843823142,0.313623419758305,2,0.999992458947916
"241","XC144431","Xeno Canto",2013,"30/07/2013","","British Columbia",53.8832,-122.793,"","Doublet","Patches Flores","WTSP5_terminal_strophes_retrim2024.wav",2.20036764705882,0.788624458702031,0.454469507101086,6,0.917127071823204,0.322594956683168,0.146609570957096,0.134212438118812,0.146340068069307,0.126935860148515,0.22961646039604,0.3266375,0.21398529290429,0.0576736179867986,0.269521410579345,0,2.30732215142858,0.146202856178943,0.704168594591878,0.0110287015333443,2,0.999958453907248
"242","XC153309","Xeno Canto",2012,"18/07/2012","","New York",44.4461,-74.1155,"","Triplet","Meena Haribal","XC153309_terminal_strophes.wav",1.10799136069114,0.102548791084536,0.902534113060429,9,0.76158940397351,0.207073660714286,0.186891042710944,0.123786723753829,0.162537350320245,0.0548967209690894,0.172763210108605,0.27286899540518,0.130460442773601,0.0928400428153718,0.711633663366337,0,-0.484895373545807,-0.0142361224770109,-0.492559113445179,-0.211125898991035,1,0.731704099828789
"243","XC154441","Xeno Canto",2013,"17/06/2013","","Alberta",56.7264,-111.3803,"","Doublet","Dugan Maynard","XC154441_terminal_strophes.wav",2.46451612903226,0.901995491687329,0.405759162303665,5,0.561688311688312,0.31015673347398,0.125848936357243,0.140463651547117,0.250074015471167,0.128284722222222,0.250074015471167,0.323147591420535,0.225174871073605,0.0560230748945147,0.248798076923077,2,1.89150516752115,2.42957395196702,0.28251388905178,-0.560627663194777,2,0.999925231170925
"244","XC16937","Xeno Canto",2007,"24/04/2007","","Michigan",42.0778,-83.1995,"","Doublet","Allen Chartier","XC16937_terminal_strophes.wav",2.2287104622871,0.801423150177896,0.448689956331878,6,0.931034482758621,0.248055145248646,0.111299852289513,0.131610044313146,0.14135893648449,0.11698670605613,0.216100443131462,0.259970457902511,0.195519448547513,0.0644510093549976,0.329639889196676,0,1.42069620131015,0.194840954610448,1.32479426229966,0.811093490185075,2,0.999691192940571
"245","XC185150","Xeno Canto",2014,"8/6/14","","Quebec",47.677,-70.8267,"","Triplet","Martin St-Michel","XC185150_terminal_strophes.wav",1.175,0.161268147596122,0.851063829787234,6,0.936,0.228239815848214,0.194246651785714,0.189390485491071,0.202340262276786,0.0639395228794643,0.203958984375,0.3059384765625,0.153778599330357,0.15000158110119,0.975438596491228,0,0.753228586733967,-0.802240844388482,-0.570558702124437,0.121701153191898,1,0.9998569283821
"246","XC188416","Xeno Canto",2014,"13/06/2014","","British Columbia",55.5267,-120.0314,"","Doublet","Richard Webster","WTSP29.wav",2.6231884057971,0.964390526668567,0.38121546961326,7,0.855095541401274,0.292458128683694,0.111489562868369,0.144613273575639,0.169119433529797,0.130879052062868,0.239137033398821,0.313463408644401,0.22903834111002,0.0473965291421087,0.206937095825985,1,2.32872042848379,0.745932259310757,0.933304434987951,0.145953240504121,2,0.999994788645289
"247","XC188449","Xeno Canto",2014,"14/06/2014","","British Columbia",55.5267,-120.0314,"","Doublet","Richard Webster","XC188449_terminal_strophes_retrim2024.wav",2.3416149068323,0.850840822463547,0.427055702917772,5,0.726351351351352,0.305942408376963,0.13065445026178,0.174476439790576,0.24020942408377,0.157434554973822,0.274293193717278,0.314869109947644,0.248865619546248,0.078717277486911,0.316304347826087,2,2.35320268642545,1.64795605715113,0.228341113272783,0.258867212595419,2,0.999879281724296
"248","XC189064","Xeno Canto",2014,"15/06/2014","","British Columbia",59.0988,-123.4621,"","Doublet","Richard Webster","XC189064_terminal_strophes.wav",2.43027888446215,0.888006018035573,0.411475409836066,7,0.972375690607735,0.328669732171668,0.135239512746047,0.142243949661181,0.146284970958374,0.141435745401743,0.245694094869313,0.344295014520813,0.208112596805421,0.056574298160697,0.271844660194175,1,2.92485644388542,-0.0334280034903387,0.685219467075734,0.0861365807524736,2,0.999968341040599
"249","XC189065","Xeno Canto",2014,"15/06/2014","","British Columbia",59.0988,-123.4621,"","Doublet","Richard Webster","XC189065_terminal_strophes.wav",1.04385964912281,0.0429250447170332,0.957983193277312,9,0.808612440191388,0.14443359375,0.138364955357143,0.0911644345238096,0.11274181547619,0.0420758928571428,0.122991071428571,0.190959821428571,0.0962890624999999,0.0705580357142858,0.732773109243698,0,-2.05472613668975,-0.478164046693269,0.35945004813616,0.44923423650322,1,0.936167896751535
"250","XC189812","Xeno Canto",2014,"17/06/2014","","British Columbia",56.327,-120.9521,"","Doublet","Richard Webster","XC189812_terminal_strophes.wav",2.3125,0.838329190404443,0.432432432432432,5,0.685897435897436,0.329766963208685,0.142601930036188,0.173390983112183,0.252794330518697,0.157996456574186,0.273860524728589,0.341920536791315,0.258736077603538,0.0696804885404101,0.269311064718163,2,2.56575976160952,1.77964573452647,-0.0246146844513652,-0.22258850034132,2,0.999957300381753
"251","XC190047","Xeno Canto",2014,"18/06/2014","","British Columbia",56.327,-120.9521,"","Doublet","Richard Webster","XC190047_terminal_strophes.wav",1.2406015037594,0.215596345678826,0.806060606060606,6,0.460526315789474,0.179153094462541,0.144408251900109,0.0570032573289902,0.123778501628665,0.0350162866449512,0.144951140065147,0.185667752442997,0.0722041259500543,0.0716612377850163,0.992481203007519,0,-2.18310372767625,1.96777585333926,0.383124137697079,-0.0846161762984476,3,0.999348320194411
"252","XC190049","Xeno Canto",2014,"18/06/2014","","British Columbia",56.327,-120.9521,"","Doublet","Richard Webster","WTSP13.wav",2.33136094674556,0.84645219437486,0.428934010152284,5,0.674074074074074,0.318917347801578,0.136794496899662,0.147317150507328,0.2185474210823,0.140032236471251,0.239592728297632,0.328630566516347,0.229339886320932,0.0526132680383314,0.229411764705882,2,2.0078991319116,1.65049952874623,0.391628327752902,-0.489046124135448,2,0.999983653677194
"253","XC190052","Xeno Canto",2014,"18/06/2014","","British Columbia",56.327,-120.9521,"","Doublet","Richard Webster","XC190052_terminal_strophes.wav",1.00340136054422,0.00339558900113833,0.996610169491525,6,0.5,0.159901235818477,0.159359197730956,0.0593531705834684,0.118706341166937,0.0447181422204214,0.121958569692058,0.178872568881686,0.0769694084278768,0.0715490275526742,0.929577464788733,0,-2.95062991125079,1.25113356981462,-0.109715707360512,-0.133600084871177,3,0.998300488492947
"254","XC191897","Xeno Canto",2014,"13/07/2014","","Quebec",47.677,-70.8267,"","Triplet","Martin St-Michel","XC191897_terminal_strophes.wav",1.24651162790698,0.220348952383194,0.802238805970149,6,0.828326180257511,0.21696484375,0.1740576171875,0.1562470703125,0.1886298828125,0.06800390625,0.19105859375,0.297921875,0.138706380208333,0.136547526041667,0.98443579766537,0,0.421207466936494,-0.163166324073069,-0.324535501044859,-0.197681287239894,1,0.979219512430505
"255","XC210426","Xeno Canto",2015,"16/01/2015","","California",37.4049,-121.9192,"","Doublet","Pete Denten","XC210426_terminal_strophes.wav",2.03333333333333,0.709676482511156,0.491803278688524,5,0.636,0.297310106382979,0.146218085106383,0.129159308510638,0.203080673758865,0.116162145390071,0.209579255319149,0.297310106382979,0.19333280141844,0.0568625886524823,0.294117647058823,2,1.05568989754439,1.63946279403744,0.573348497420898,-0.498504952487519,2,0.999847405506188
"256","XC236497","Xeno Canto",2015,"18/04/2015","","New York",41.2042,-73.8862,"","Triplet","Daniel Parker","WTSP69.wav",1.10195227765727,0.0970834045818331,0.90748031496063,9,0.910364145658263,0.205034115025467,0.186064423280985,0.174897867147708,0.192118580220713,0.0834128289473684,0.201805231324278,0.269611789049236,0.162735738539898,0.134402284061969,0.825892857142857,0,0.100777325184416,-0.656574168958932,-0.577610310196276,0.555236583358445,1,0.999231396547209
"257","XC236559","Xeno Canto",2015,"18/04/2015","","Ontario",44.3211,-78.3264,"","Doublet","Iain","XC236559_terminal_strophes_retrim2024.wav",1.33583690987124,0.289557994213217,0.74859437751004,8,0.6875,0.168113425925926,0.125848765432099,0.0712962962962963,0.103703703703704,0.0583333333333333,0.171759259259259,0.246296296296296,0.100462962962963,0.0486111111111111,0.483870967741936,2,-0.547964494500187,0.76921984019456,0.25427520121715,-0.0662540547209253,2,0.900554505802523
"258","XC237649","Xeno Canto",2015,"25/04/2014","","British Columbia",49.2958,-123.1414,"","Doublet","Gavin Anstee","XC237649_terminal_strophes.wav",2.99003322259136,1.09528449857543,0.334444444444444,8,0.763215859030837,0.362960188356164,0.121390018550228,0.186319563356164,0.244124334094368,0.14572179414003,0.338762842465753,0.382318065068493,0.311742472888128,0.0738019049657534,0.236739974126779,2,4.19388711065945,1.85113781186528,-0.400976548813668,0.177640333638478,2,0.999991308285999
"259","XC244590","Xeno Canto",2015,"20/05/2015","","Quebec",45.3596,-73.7473,"","Triplet","Maxime Aubert","WTSP42.wav",1.26447574334898,0.234657604143561,0.790841584158416,6,0.94392523364486,0.218423533083645,0.172738412921348,0.163817649812734,0.173549391385768,0.0519026217228464,0.176793305243446,0.306549859550562,0.133541120474407,0.125971988139825,0.94331983805668,0,0.630692662087144,-0.934955978862697,-0.0496343550760576,-0.217128409410257,1,0.999907202992977
"260","XC246633","Xeno Canto",2014,"17/05/2014","","Nova Scotia",46.5959,-60.3842,"","Triplet","Jeffrey MacLeod","WTSP24.wav",1.31086142322097,0.270684496083209,0.762857142857143,6,0.848341232227488,0.189561792220581,0.144608567208272,0.145420974889217,0.171418020679468,0.0844903988183161,0.181979320531758,0.274593796159527,0.134859675036928,0.132693254554407,0.983935742971888,0,0.193150251221241,-0.196091701017148,0.112177190326416,0.0566524827520742,1,0.990436672064008
"261","XC247314","Xeno Canto",2015,"30/05/2015","","Ontario",45.3058,-78.8087,"","Triplet","Iain","XC247314_terminal_strophes.wav",1.17391304347826,0.16034265007518,0.851851851851852,6,0.51440329218107,0.218769388686131,0.186359108880779,0.101282124391727,0.196892449817518,0.0510461906934306,0.210666818734793,0.273866864355231,0.144765916463909,0.0880479268045417,0.60820895522388,0,-0.421306392588358,1.76333467643344,-0.963491293179965,-0.368112632135298,3,0.993768843226003
"262","XC248004","Xeno Canto",2015,"31/05/2015","","New York",43.6829,-74.7324,"","Triplet","Dan Lane","XC248004_terminal_strophes.wav",1.31938997821351,0.277169492062693,0.757926023778072,10,0.897119341563786,0.244076261230131,0.184991750172771,0.17572201105736,0.195873617829993,0.0634103893112186,0.219249481686247,0.324037836903939,0.16508196268141,0.135096371803732,0.818359375,1,1.30608087414138,-0.358264311609069,-0.493083727525771,-0.0589827269614891,1,0.998495910569409
"263","XC248010","Xeno Canto",2015,"31/05/2015","","New York",43.6735,-74.6933,"","Triplet","Dan Lane","XC248010_terminal_strophes.wav",1.2012012012012,0.183322057127539,0.8325,6,0.74015748031496,0.216058612440191,0.179868794856459,0.152321321770335,0.205795828349282,0.0648175837320575,0.210657147129187,0.29329956638756,0.145839563397129,0.136116925837321,0.933333333333333,0,0.325175211710559,0.442477947069682,-0.722149302942606,-0.0976276024233179,1,0.658935139925098
"264","XC248011","Xeno Canto",2015,"31/05/2015","","New York",43.6735,-74.6933,"","Triplet","Dan Lane","XC248011_terminal_strophes.wav",1.20872274143302,0.189564216493257,0.827319587628866,6,0.592760180995475,0.209859565807327,0.173620929443691,0.10628197082768,0.179300118724559,0.0486787652645861,0.186601933514247,0.283959464043419,0.126564789687924,0.0962757801899593,0.760683760683761,0,-0.347625902950101,1.15376126939414,-0.597037976364616,-0.622498462526841,3,0.983086942881447
"265","XC248012","Xeno Canto",2015,"31/05/2015","","New York",43.6735,-74.6933,"","Triplet","Dan Lane","XC248012_terminal_strophes.wav",1.1647855530474,0.152536995436427,0.858527131782946,9,0.854166666666667,0.208231726044226,0.178772586506962,0.132364352989353,0.154963144963145,0.0489640492765493,0.174333538083538,0.287327497952498,0.129458794021294,0.0903951678951679,0.698254364089776,0,0.0113052828319678,-0.499764323128114,-0.299242107694711,-0.180073571045958,1,0.98776302409836
"266","XC296909","Xeno Canto",2012,"22/02/2012","","Maine",44.8501,-67.1944,"","Triplet","Paul Marvin","XC296909_terminal_strophes_retrim2024.wav",1.09062980030722,0.0867553278267925,0.916901408450704,6,0.646226415094339,0.191854330924223,0.175911506241787,0.11105933804205,0.171858245729303,0.0535030387647832,0.173479549934297,0.23184650131406,0.114572163819536,0.109708251204555,0.95754716981132,0,-1.23315804335535,0.757886311350626,-0.432169296010113,0.0963667653255607,3,0.899472001111794
"267","XC296910","Xeno Canto",2012,"24/05/2012","","Maine",44.4729,-67.5789,"","Triplet","Paul Marvin","XC296910_terminal_strophes.wav",1.18018018018018,0.165667121888817,0.847328244274809,6,0.922077922077922,0.212386511024643,0.179961089494163,0.172665369649805,0.187256809338521,0.0616083009079118,0.204280155642023,0.282101167315175,0.143212278426286,0.13780804150454,0.962264150943396,0,0.459802559978897,-0.636540466348278,-0.415027852845457,0.425223793153785,1,0.999672388776577
"268","XC297603","Xeno Canto",2011,"27/05/2011","","Minnesota",47.1675,-92.7162,"","Doublet","Paul Marvin","XC297603_terminal_strophes.wav",2.42241379310345,0.884764478227381,0.412811387900356,7,0.824758842443729,0.302529257741348,0.12488752276867,0.138076075819672,0.167413877504554,0.13565368852459,0.232549180327869,0.310065573770492,0.224878287226776,0.0500626707650273,0.22262118491921,1,2.06709617153155,0.825801095117199,0.845986567162609,0.0459398414240845,2,0.999993347648429
"269","XC297606","Xeno Canto",2012,"29/05/2012","","New York",44.3659,-73.9026,"","Triplet","Paul Marvin","XC297606_terminal_strophes.wav",1.08939974457216,0.085626851500876,0.917936694021102,15,0.930966469428007,0.19610659967409,0.180013443780554,0.151919391634981,0.163184600760456,0.0540730038022814,0.168978136882129,0.263927756653992,0.131963878326996,0.112881993481803,0.855400696864111,0,-0.32214848400035,-1.01109616615132,-0.243937319016171,0.281810071350459,1,0.999762291296541
"270","XC298776","Xeno Canto",2015,"11/6/15","","Newfoundland",48.1788,-57.7439,"","Triplet","Matthew Halley","XC298776_terminal_strophes.wav",1.16595744680851,0.153542592243911,0.857664233576642,9,0.898507462686567,0.221213519764508,0.189726923885618,0.162007954864031,0.180307856742361,0.0554379380431735,0.184075483599664,0.263195647603028,0.147260386879731,0.114239828637511,0.775767543859649,0,-0.0659020246336131,-0.604504459041164,-0.168966504912442,0.385913694687039,1,0.998493420845176
"271","XC310232","Xeno Canto",2016,"31/03/2016","","Georgia",31.9237,-81.0559,"","Triplet","Russ Wigh","XC310232_terminal_strophes.wav",1.27966101694915,0.24659521234926,0.781456953642384,6,0.677304964539007,0.24449637185104,0.19106338992333,0.154631811336254,0.228304559145674,0.0582905257393209,0.247734734392114,0.331932160460022,0.163537308324206,0.130613955823293,0.798679867986798,0,1.20174442293956,1.03737295452163,-1.20042888049522,-0.34546005760167,3,0.821959380005055
"272","XC310235","Xeno Canto",2016,"2/4/16","","Georgia",31.9237,-81.0559,"","Triplet","Russ Wigh","XC310235_terminal_strophes.wav",1.32193732193732,0.27909832876039,0.756465517241379,6,0.908759124087591,0.250540622627183,0.189525341685649,0.201674402050114,0.221922835990888,0.126350227790433,0.226782460136674,0.293197323462415,0.191685174639332,0.174946469248292,0.912676056338028,0,1.05940091297877,-0.268802626735991,-0.335999962119642,0.494323192515289,1,0.999275813284786
"273","XC312259","Xeno Canto",2016,"14/04/2016","","Georgia",31.9237,-81.0559,"","Triplet","Russ Wigh","XC312259_terminal_strophes.wav",1.2995983935743,0.262055288719629,0.76946847960445,10,0.974881194840461,0.260625252684776,0.20054291692988,0.192757448936618,0.197724040587492,0.0714115340071593,0.222288534428301,0.325378869235628,0.172676310802274,0.144004311433986,0.833955223880597,1,1.48642205107753,-0.807322599047602,-0.480202097549206,0.151015701473503,1,0.999989728627408
"274","XC312855","Xeno Canto",2016,"13/04/2016","","Delaware",39.1742,-75.5424,"","Triplet","Jerald R","XC312855_terminal_strophes.wav",1.10647181628393,0.101176409135253,0.90377358490566,9,0.78343949044586,0.213995196604111,0.193403205987489,0.132434763181412,0.169042746499851,0.0570653857610962,0.174426273458445,0.297170688114388,0.125005495978552,0.112650301608579,0.901162790697674,0,-0.140489621208863,-0.208056887219972,-0.649374668295766,-0.477998161677886,1,0.886930554990911
"275","XC315745","Xeno Canto",2016,"7/5/16","","Colorado",39.1647,-108.7473,"","Doublet","Meredith Swett Walker","WTSP65.wav",2.63815789473684,0.970080906460292,0.379052369077307,8,0.835051546391753,0.323967684021544,0.122800718132855,0.174506283662478,0.208976660682226,0.138958707360862,0.279533213644524,0.336086175942549,0.267010771992819,0.081193895870736,0.304084720121029,2,3.01390832008537,1.08190935790195,0.37877186619437,0.278677287554752,2,0.999912376498555
"276","XC319515","Xeno Canto",2016,"22/05/2016","","Quebec",48.9272,-66.113,"","Triplet","Martin St-Michel","XC319515_terminal_strophes.wav",1.34304207119741,0.294937243332953,0.744578313253012,6,0.814814814814815,0.224029090301642,0.166807202176403,0.16032925257732,0.196767719072165,0.0761159077892325,0.207294387170676,0.336853379152348,0.144674207712868,0.144134378579611,0.996268656716418,0,1.18551768247434,0.0104575538339836,-0.514444930518612,-0.589016053606926,1,0.9669443125367
"277","XC319748","Xeno Canto",2016,"2/6/16","","British Columbia",52.6146,-121.5135,"","Doublet","Phil Ranson","WTSP4.wav",2.65333333333333,0.975816711188182,0.376884422110553,5,0.66875,0.323075513456091,0.121762128186969,0.173713969546742,0.259759206798867,0.112021157932011,0.279241147308782,0.334439978753541,0.230536296033994,0.0698102868271955,0.302816901408451,2,2.6524375902764,2.04187028447605,0.188181568954598,-0.105675339322535,2,0.999858217669821
"278","XC322417","Xeno Canto",2016,"18/06/2016","","British Columbia",52.1563,-122.1969,"","Doublet","Phil Ranson","XC322417_terminal_strophes.wav",1.00260416666667,0.00260078170005722,0.997402597402598,10,0.631578947368421,0.155653561827957,0.15524926686217,0.077624633431085,0.122905669599218,0.0442029162593679,0.15524926686217,0.185975684261975,0.0866808406647116,0.0847402248289345,0.977611940298508,1,-2.22051986907519,0.71200946380013,-0.309590490605734,0.497335219106079,3,0.929554434896882
"279","XC322428","Xeno Canto",2016,"18/06/2016","","British Columbia",52.1563,-122.1969,"","Doublet","Phil Ranson","XC322428_terminal_strophes.wav",1.13991769547325,0.13095606284679,0.877256317689531,6,0.469135802469136,0.151056578050443,0.132515337423313,0.0621676891615542,0.132515337423313,0.0425357873210634,0.161963190184049,0.191411042944785,0.0905248807089298,0.0676209952283572,0.746987951807229,0,-2.09634640578049,1.89236204830743,-0.109052840556941,0.0823395695124994,3,0.999459916933168
"280","XC329802","Xeno Canto",2016,"28/06/2016","","Saskatchewan",52.9333,-107.0927,"","Doublet","John Patterson","XC329802_terminal_strophes.wav",1.13414634146341,0.125880245889003,0.881720430107527,8,0.380769230769231,0.175748700923788,0.154961220169361,0.0534535219399538,0.14038298691301,0.0323960739030023,0.207334872979215,0.215433891454965,0.10002287817552,0.0615525404157044,0.615384615384616,2,-1.49791501720539,2.63892569846898,-0.836415872429341,0.0927272965584492,3,0.996773969191196
"281","XC329803","Xeno Canto",2016,"28/06/2016","","Saskatchewan",52.9366,-107.093,"","Doublet","John Patterson","XC329803_terminal_strophes.wav",1.08307692307692,0.0798059932683594,0.923295454545455,9,0.594142259414226,0.142895805142084,0.131935047361299,0.0768606224627876,0.12936400541272,0.0449255751014885,0.136400541271989,0.170500676589986,0.0860622462787551,0.0818403247631935,0.950943396226414,0,-2.49359615386047,0.976063481258238,0.241010762001592,0.373538298707607,3,0.976085239770487
"282","XC329835","Xeno Canto",2016,"25/07/2016","","Saskatchewan",52.9296,-107.1103,"","Doublet","John Patterson","XC329835_terminal_strophes.wav",2.38629283489097,0.869741046610576,0.419060052219321,9,0.977528089887641,0.308824885233359,0.129416172532517,0.187068859984698,0.191369293547564,0.122562356541699,0.287053940321347,0.337046480489671,0.249317635807192,0.0641033377964805,0.257115135834411,0,3.29847518264232,0.243613133397449,0.313778650921535,0.712899962881434,2,0.99998195611818
"283","XC329836","Xeno Canto",2016,"25/07/2016","","Saskatchewan",52.929,-107.1378,"","Doublet","John Patterson","XC329836_terminal_strophes.wav",2.59825327510917,0.95483940199139,0.384873949579832,7,0.794117647058823,0.320419691836076,0.123321192320103,0.152670559051307,0.192251815101646,0.139746067279768,0.292416626331075,0.352192400774443,0.248392576234269,0.0560061310100033,0.225474254742548,1,3.24716441608084,1.34644055425444,0.0699852577128326,0.114090873947346,2,0.999993708424636
"284","XC329879","Xeno Canto",2016,"28/06/2016","","Saskatchewan",52.9551,-107.0927,"","Doublet","John Patterson","WTSP15_terminal_strophes_retrim2024.wav",1.08270676691729,0.0794641713542474,0.923611111111111,14,0.669866666666666,0.176767892225653,0.163264789347304,0.101181204977079,0.151046782907662,0.0580019646365422,0.275509332023576,0.356067616240995,0.111400598746375,0.0886141126391617,0.795454545454545,2,1.40170741755066,0.942603769486802,-2.24104996245621,-0.325928791494552,3,0.853083082694602
"285","XC329880","Xeno Canto",2016,"25/07/2016","","Saskatchewan",52.9295,-107.1798,"","Doublet","John Patterson","XC329880_terminal_strophes.wav",1.14257425742574,0.13328383723274,0.875216637781629,11,0.51951951951952,0.186310394965278,0.163061957465278,0.0698260362413195,0.134405029296875,0.0500487196180556,0.143688259548611,0.2470146484375,0.0975142795138889,0.07991650390625,0.81953642384106,2,-1.54422405843387,1.29697624284443,-0.235941635163113,-0.801204176719636,3,0.997570450123997
"286","XC329881","Xeno Canto",2016,"25/07/2016","","Saskatchewan",53.5743,-105.7646,"","Doublet","John Patterson","XC329881_terminal_strophes.wav",1.00116959064327,0.00116890720498196,0.998831775700935,10,0.532453245324532,0.138574171428571,0.138412285714286,0.0652939047619048,0.122628428571429,0.0485657142857143,0.127889714285714,0.165123428571429,0.0838568,0.0825617142857143,0.984555984555985,1,-2.9826691164767,1.14805245171755,-0.0414019533799245,0.211638349120758,3,0.995376491597046
"287","XC33226","Xeno Canto",2009,"19/04/2009","","Washington",48.3787,-122.4487,"","Doublet","Tayler Brooks","XC33226_terminal_strophes.wav",2.25862068965517,0.814754312654733,0.442748091603053,6,0.863095238095238,0.318540094339623,0.141033018867925,0.11752751572327,0.136169811320755,0.0802429245283019,0.231812893081761,0.319350628930818,0.177777253668763,0.0448495807127882,0.252279635258359,0,2.16648278966336,0.516389580500149,0.712637946689014,0.00656782931182584,2,0.999979996940497
"288","XC342662","Xeno Canto",2016,"13/07/2016","","British Columbia",53.9588,-122.8276,"","Doublet","Doug Wilson","XC342662_terminal_strophes.wav",1.34516129032258,0.296513924319609,0.743405275779377,7,0.851224105461394,0.225295117428925,0.167485578903997,0.122102389781623,0.143443294190359,0.049435259579728,0.251228368355995,0.346857231149567,0.124398563040791,0.0848233415739597,0.681867535287731,1,1.87783523833529,0.0872628636260542,-0.949375595965227,-0.0985407590998456,1,0.985758637826478
"289","XC342664","Xeno Canto",2016,"10/7/16","","British Columbia",53.9171,-122.7497,"","Doublet","Mari Wood","XC342664_terminal_strophes.wav",1.05540897097625,0.0539283420255561,0.9475,9,0.630630630630631,0.162037037037037,0.153530092592593,0.0756172839506173,0.119907407407407,0.0426697530864198,0.160416666666667,0.191203703703704,0.0875,0.0692708333333334,0.791666666666667,0,-1.96946453422763,0.82864733765271,-0.183544545330247,0.474040260506592,3,0.949017247247176
"290","XC363526","Xeno Canto",2017,"4/8/17","","Wake County",35.9235,-78.5993,"Ascending","Triplet","Brian Murphy","XC363526_terminal_strophes.wav",1.11111111111111,0.105360515657826,0.9,6,0.719047619047619,0.194936530324401,0.17544287729196,0.122647566995769,0.17056946403385,0.0617299012693935,0.177067348377997,0.264788787023977,0.128333215796897,0.108298072402445,0.843881856540085,0,-0.611921400786655,0.291069837019977,-0.523090356391334,-0.14844012755239,3,0.541607083057918
"291","XC373459","Xeno Canto",2017,"13/04/2017","","Iowa",40.8918,-91.0756,"","Doublet","Bobby Wilcox","XC373459_terminal_strophes.wav",1.03023758099352,0.0297894368021075,0.970649895178197,11,0.418828049951969,0.154173214285714,0.149648214285714,0.0587172619047619,0.140194196428571,0.0472700892857143,0.153526785714286,0.205241071428572,0.0882375,0.0808035714285714,0.915750915750915,2,-2.38461589479925,1.90523453064525,-0.582775107674834,-0.316185311372506,3,0.999822224258496
"292","XC373803","Xeno Canto",2017,"31/05/2017","","Alberta",54.6628,-110.9826,"Descending","Doublet","Patrick Turgeon","XC373803_terminal_strophes.wav",2.85851318944844,1.05030162582649,0.349832214765101,6,0.96551724137931,0.321968787515006,0.112635054021609,0.158823529411765,0.164495798319328,0.150720288115246,0.262545018007203,0.333853541416567,0.253361344537815,0.0626650660264105,0.247334754797441,0,3.14436492603906,0.272870790311028,0.847592810834519,0.409790891275427,2,0.999983463508242
"293","XC424319","Xeno Canto",2018,"7/2/18","Penobscot County","Maine",45.8629,-68.6745,"Ascending","Triplet","Lance A.M. Benner","XC424319_terminal_strophes.wav",1.14344262295082,0.134043556528164,0.874551971326165,9,0.821958456973294,0.225057502983294,0.196824482895784,0.148962791699814,0.181229100371254,0.0397951140281093,0.200051113762928,0.287170147175815,0.143262410501193,0.0984122414478918,0.686936936936937,0,0.190707920032558,-0.159239384351423,-0.653013382121624,0.0653975424663283,1,0.957037267302134
"294","XC467600","Xeno Canto",2019,"4/9/19","","New York",40.7824,-73.963,"","Triplet","Giuseppe Speranza","XC467600_terminal_strophes.wav",1.22424242424242,0.202322223500624,0.816831683168317,6,0.969026548672566,0.218247298919568,0.178271308523409,0.177460984393757,0.183133253301321,0.0575330132052821,0.184753901560624,0.29171668667467,0.139915966386555,0.138835534213685,0.992277992277993,0,0.530103440537405,-1.02116356753542,-0.103713428124012,0.156038418160455,1,0.999986845614348
"295","XC52450","Xeno Canto",2010,"25/05/2010","","New Hampshire",44.367,-71.527,"","Triplet","Andrew Spencer","XC52450_terminal_strophes.wav",1.11739130434783,0.110996775972024,0.894941634241246,10,0.945652173913043,0.207388335020243,0.185600455465587,0.140410779352227,0.14848036437247,0.0435757591093118,0.163005617408907,0.254998886639676,0.121043775303644,0.106518522267207,0.88,1,-0.401922201335005,-1.06744503977398,-0.0103021170696189,0.363514289616996,1,0.999907659784873
"296","XC59166","Xeno Canto",2010,"10/5/10","","Maine",46.7678,-68.6009,"","Triplet","Tayler Brooks","WTSP47.wav",1.16222222222222,0.150333881300557,0.860420650095603,9,0.883280757097792,0.211075580470738,0.181613788167939,0.150672179813401,0.170582432145886,0.0516590330788804,0.174349236641221,0.263138199745547,0.138187913486005,0.10695034192112,0.773948598130841,0,-0.215531833292107,-0.591951835687496,-0.107021516365105,0.230284567572051,1,0.996913684936428
"297","XC77875","Xeno Canto",2011,"14/05/2011","","Minnesota",47.795,-92.079,"","Doublet","Jonathon Jongsma","XC77875_terminl_strophes.wav",2.51763485477178,0.923319911116056,0.397198187062217,8,0.76068376068376,0.326356018323505,0.12962801881494,0.143612784330244,0.188794334456613,0.111340248525695,0.263021166807077,0.35015701347936,0.244867865417018,0.0520394639848357,0.212520593080725,2,2.78861569598198,1.31099314144646,0.268966055551303,-0.298717693484329,2,0.999995410842189
"298","XC83546","Xeno Canto",2008,"26/05/2008","","Ontario",45.919,-77.583,"","Triplet","Jelmer Poelstra","XC83546_terminal_strophes.wav",1.22727272727273,0.204794412646014,0.814814814814814,9,0.857142857142857,0.217933380312229,0.177575346921075,0.138831634865568,0.161970240676496,0.0484296400693842,0.174346704249783,0.295420804423244,0.12979143538595,0.0996843424761491,0.768034825870646,0,0.229067757584479,-0.463141620230927,-0.164546946604296,-0.296256941686585,1,0.990361077027072
"299","XC89189","Xeno Canto",2011,"26/10/2011","","Tennessee",35.9439,-83.6889,"","Triplet","Mike Nelson","XC89189_terminal_strophes.wav",1.19432624113475,0.177582211430058,0.83729216152019,6,0.9377990430622,0.227405653021442,0.190404970760234,0.158805847953216,0.169338888888889,0.0405116959064327,0.183112865497076,0.303027485380117,0.124776023391813,0.120994931773879,0.96969696969697,0,0.524047769141769,-0.927774256166677,-0.291236094169202,-0.0938085513228796,1,0.999870240910593
"300","XC89683","Xeno Canto",2011,"2/11/11","","Tennessee",35.6028,-84.1228,"","Triplet","Mike Nelson","WTSP39.wav",1.07865168539326,0.0757118217356964,0.927083333333333,6,0.92619926199262,0.233030769230769,0.216038942307692,0.203092788461538,0.219275480769231,0.0647307692307692,0.226557692307692,0.326890384615385,0.165063461538462,0.159669230769231,0.967320261437908,0,1.02959500209669,-0.789859887828035,-1.26266347982264,0.100916493858763,1,0.99974217857021
"301","Zonotrichia.albicolis_Apr42021_1337EDelmarStSpringfield_JPM_a",NA,2021,NA,NA,NA,37.195358,-93.272429,NA,NA,NA,"WTSP50.wav",1.00441696113074,0.00440723498740761,0.995602462620932,8,0.429515418502203,0.153417723514574,0.152743063340807,0.0526234935538117,0.122518287556054,0.0469563480941704,0.13439230661435,0.186206207959641,0.0801496286434978,0.0732680948710763,0.914141414141414,2,-2.86782470037241,1.72245969679191,-0.364078342579483,-0.254001193840426,3,0.999761891007899
"302","Zonotrichia.albicollis_Apr112021_BennettSpringStateParkLebanon_SG_a",NA,2021,NA,NA,NA,37.7,-92.8,NA,NA,NA,"WTSP85.wav",1.08823529411765,0.084557388028063,0.918918918918919,8,0.58682634730539,0.14998778998779,0.137826617826618,0.052968660968661,0.0902629222629222,0.0332405372405372,0.12971916971917,0.168634920634921,0.0660757020757021,0.057968253968254,0.877300613496932,2,-2.59439849474927,0.983985865773971,0.326522136172454,0.29840941576105,3,0.982745302614057
"303","Zonotrichia.albicollis_Apr112021_BennettSpringStateParkLebanon_SG_c",NA,2021,NA,NA,NA,37.7,-92.8,NA,NA,NA,"WTSP54.wav",1.00529100529101,0.0052770571008436,0.994736842105263,6,0.465116279069767,0.154744844276094,0.153930397727273,0.0651557239057239,0.140084806397306,0.0635268308080808,0.151487058080808,0.188951599326599,0.0966476571268238,0.0825305836139169,0.853932584269662,0,-2.56630122931287,1.63398424078257,-0.496304204998772,0.00481312975196507,3,0.999425538009157
"304","Zonotrichia.albicollis_Apr112021_LakeThunderbirdStateParkNorman_ZHV_a",NA,2021,NA,NA,NA,35.229334,-97.247234,NA,NA,NA,"WTSP7.wav",1.01542776998597,0.0153099719714203,0.984806629834254,15,0.700581395348837,0.166588566864445,0.164057525102693,0.0776339536741214,0.110813610223642,0.0586281309904153,0.154623642172524,0.191668889776358,0.0825464756389777,0.0821438099041534,0.995121951219512,0,-1.98439414045017,0.316783889027595,-0.199863363992282,0.574229603293421,3,0.614838484020226
"305","Zonotrichia.albicollis_Apr112021_LakeThunderbirdStateParkNorman_ZHV_b",NA,2021,NA,NA,NA,35.229334,-97.247234,NA,NA,NA,"WTSP9_terminal_strophes_retrim2024.wav",1.09358288770053,0.0894593586282697,0.914425427872861,9,0.774358974358974,0.165377862717503,0.151225722876151,0.0814084996588195,0.105130181678608,0.0485216223132037,0.148799641760491,0.182764777379734,0.0881476138689867,0.0705180910951893,0.8,0,-1.81287386016214,0.0092206284846507,0.309238789423826,0.789783529369618,1,0.829389108336009
"306","Zonotrichia.albicollis_Apr112021_LakeThunderbirdStateParkNorman_ZHV_c",NA,2021,NA,NA,NA,35.229334,-97.247234,NA,NA,NA,"WTSP87.wav",1.05190311418685,0.0506010132937895,0.950657894736842,7,0.563492063492063,0.16464795667159,0.156523879862137,0.0576809453471196,0.102363367799114,0.0479320531757755,0.128360413589365,0.193353028064993,0.078397341211226,0.0682422451994091,0.870466321243523,1,-2.45461234258096,0.970416735529177,0.00823093550724968,-0.114162886513823,3,0.991085471921387
"307","Zonotrichia.albicollis_Apr112021_Springfield_SG_a",NA,2021,NA,NA,NA,NA,NA,NA,NA,NA,"WTSP45_terminal_strophes_retrim2024.wav",1.08760683760684,0.0839797206328757,0.919449901768173,11,0.646198830409356,0.164362776831346,0.151123339011925,0.0892047487223168,0.138045357751278,0.0796519023282227,0.151769165247019,0.172758517887564,0.111082112436116,0.0987575951164111,0.889050387596899,2,-2.17519783871237,0.787913122433449,0.162334557441853,0.657086413000747,3,0.909758948168753
"308","Zonotrichia.albicollis_Apr192021_StCharles_SG_b",NA,2021,NA,NA,NA,38.8,-90.5,NA,NA,NA,"WTSP82_terminal_strophes_retrim2024.wav",1.18421052631579,0.169076330043934,0.844444444444445,6,0.551912568306011,0.170981188322368,0.144384114583333,0.0822338096217106,0.148997892680921,0.0651356907894736,0.153068873355263,0.180751541940789,0.102045915570175,0.0955323464912281,0.936170212765957,0,-2.06193478382726,1.44837971332495,0.293281516124048,0.315083924867598,3,0.992789715331191
"309","Zonotrichia.albicollis_Apr192021_StCharles_SG_c",NA,2021,NA,NA,NA,38.8,-90.5,NA,NA,NA,"WTSP37.wav",1.03386454183267,0.0333037634741594,0.967244701348748,8,0.557195571955719,0.14048709902371,0.13588540213854,0.0817477917247791,0.146712924221292,0.0706495815899582,0.151043933054393,0.18352649930265,0.105162308228731,0.101508019525802,0.965250965250965,2,-2.37016030938435,1.17083217698089,-0.22052181580921,0.292357820846152,3,0.991196339334765
"310","Zonotrichia.albicollis_Apr192021_StCharles_SG_d",NA,2021,NA,NA,NA,38.8,-90.5,NA,NA,NA,"WTSP28.wav",1.01805869074492,0.0178975694575427,0.982261640798226,11,0.435695538057743,0.145852099900596,0.143264922962227,0.0447366012259774,0.102678584741551,0.0384034076789264,0.121273918986083,0.184336356858847,0.0671049018389662,0.0591816724652087,0.881927710843374,2,-2.98951534532608,1.62318126392036,-0.161719850794009,-0.377925845860493,3,0.999732383353402
"311","Zonotrichia.albicollis_Apr192021_StCharles_SG_e",NA,2021,NA,NA,NA,38.8,-90.5,NA,NA,NA,"WTSP68.wav",1.00578034682081,0.00576370471675058,0.994252873563218,8,0.426086956521739,0.141278034979424,0.140466092249657,0.0530469250114312,0.12449788523091,0.0503404492455418,0.138030264060357,0.17537962962963,0.0840360725308642,0.0742927597736626,0.884057971014493,2,-2.95652273855664,1.80557915206686,-0.324518439578132,-0.0659088816919333,3,0.999793938755676
"312","Zonotrichia.albicollis_Apr32021_1337EDelmarStSpringfield_JPM_b",NA,2021,NA,NA,NA,37.195605,-93.272433,NA,NA,NA,"WTSP17.wav",1.07954545454545,0.0765400771223342,0.926315789473684,8,0.623287671232877,0.154060925692695,0.142709068010076,0.0737870749370277,0.118383658690176,0.0583809823677582,0.139465680100756,0.170277865239295,0.0855443561083124,0.0839226621536524,0.981042654028436,2,-2.4091885674981,0.826304640387763,0.237888223703031,0.485906732166739,3,0.943371366342765
"313","Zonotrichia.albicollis_Apr42021_1246SDelawareAveSpringfield_JPM_a",NA,2021,NA,NA,NA,37.191284,-93.266699,NA,NA,NA,"WTSP86.wav",1.09489051094891,0.090654368268131,0.913333333333333,6,0.583815028901734,0.16295025728988,0.14882790165809,0.0822898799313894,0.140951972555746,0.0676243567753002,0.159691252144082,0.174356775300172,0.10809033733562,0.0858204688393368,0.793969849246231,0,-2.1798933810857,1.20822091935425,0.0217687868874853,0.579827422861798,3,0.986106134970662
"314","Zonotrichia.albicollis_Apr42021_1246SDelawareAveSpringfield_JPM_b",NA,2021,NA,NA,NA,37.191284,-93.266699,NA,NA,NA,"WTSP21.wav",1.07109375,0.0686803226486515,0.933625091174325,12,0.480701754385965,0.147702944546288,0.137899175068744,0.055348204055912,0.115140424495875,0.0549442025664528,0.129280476626948,0.174528643446379,0.0754136113657195,0.0748749427131073,0.992857142857143,0,-2.78994195135962,1.54306707396678,0.0922204951575295,-0.0436156465823792,3,0.998864052871316
"315","Zonotrichia.albicollis_Apr42021_1246SDelawareAveSpringfield_JPM_c",NA,2021,NA,NA,NA,37.191278,-93.266543,NA,NA,NA,"WTSP88.wav",1.00212765957447,0.00212539931231332,0.997876857749469,11,0.535211267605634,0.152138712938005,0.151815700808625,0.0613723045822102,0.114669305929919,0.0496631148921833,0.125974730458221,0.17927173180593,0.083660141509434,0.0705243149146451,0.842985842985843,2,-2.8309378565568,1.07464237031399,-0.110868468348782,-0.00389790453918684,3,0.996107449185777
"316","Zonotrichia.albicollis_Apr42021_1455EMeadowmereStSpringfield_JPM_a",NA,2021,NA,NA,NA,37.191003,-93.269599,NA,NA,NA,"WTSP70.wav",1.07150625339859,0.0690653720307373,0.933265668612027,14,0.5225,0.151344086021505,0.141244239631336,0.0674193548387096,0.129032258064516,0.0512096774193549,0.151612903225806,0.190322580645161,0.0864055299539171,0.0831797235023042,0.962666666666667,2,-2.26539695594296,1.41372405080512,-0.172104242015316,0.112112066883535,3,0.996645341102873
"317","Zonotrichia.albicollis_Apr42021_1471EMeadowmereStSpringfield_JPM_a",NA,2021,NA,NA,NA,37.190937,-93.268463,NA,NA,NA,"WTSP46_terminal_strophes_retrim2024.wav",1.03296703296703,0.0324352757531542,0.968085106382978,12,0.530120481927711,0.151733837111671,0.146891267842149,0.071024349286314,0.133977749790092,0.0520576196473551,0.148505457598657,0.198545340050378,0.0879733417296389,0.083399804086202,0.948012232415902,0,-2.28197336443153,1.25779194663615,-0.335855385995468,-0.0150222565474986,3,0.995971277618745
"318","Zonotrichia.albicollis_Apr42021_529WNormalStSpringfield_AL_a",NA,2021,NA,NA,NA,37.196038,-93.297403,NA,NA,NA,"WTSP23.wav",1.01366120218579,0.0135687292060686,0.986522911051213,9,0.545893719806763,0.149840598861524,0.147821183782528,0.0608517077137547,0.111471712360595,0.0463119191449814,0.122780436802974,0.169630866635688,0.0752837941449814,0.0698717617332714,0.928111587982833,0,-2.92705073975193,1.04226077530711,0.046497420325923,0.115087100928053,3,0.993981954753684
"319","Zonotrichia.albicollis_Apr42021_758SDelawareAveSpringfield_JPM_a",NA,2021,NA,NA,NA,37.200035,-93.266244,NA,NA,NA,"WTSP8.wav",1.23472668810289,0.210849640408493,0.809895833333333,9,0.630081300813008,0.155459074733096,0.12590565688019,0.083667210359826,0.132787959667853,0.0480411724001581,0.144123517200474,0.207278766310795,0.0991051601423487,0.0744908066429419,0.751633986928105,0,-1.5990148558835,0.913753924944344,0.446970216585985,0.0142878640510365,3,0.952796879072485
"320","Zonotrichia.albicollis_Apr42021_800SFremontAveSpringfield_JPM_a",NA,2021,NA,NA,NA,37.200004,-93.270498,NA,NA,NA,"WTSP11.wav",1.11509433962264,0.108939010859931,0.896785109983079,6,0.776223776223776,0.160044313146233,0.143525356967011,0.0901772525849335,0.116174298375185,0.0528064992614475,0.136484490398818,0.168980797636632,0.109945839487937,0.0628261939931068,0.571428571428571,0,-2.06196258890026,-0.0133337453822873,0.596919686675542,0.831349652942222,1,0.6676617823233
"321","Zonotrichia.albicollis_Apr42021_833SFremontAveSpringfield_JPM_a",NA,2021,NA,NA,NA,37.199191,-93.271313,NA,NA,NA,"WTSP40.wav",1.64197530864198,0.495899973549315,0.609022556390978,6,0.762135922330097,0.21588554526749,0.131479166666667,0.127421167695473,0.167189557613169,0.0657395833333334,0.267827932098765,0.327886316872428,0.155286093964335,0.0849474451303155,0.547038327526132,0,2.01916541455185,1.02293118967027,-0.524042644632815,0.12534918343452,1,0.414794328370242
"322","Zonotrichia.albicollis_Apr42021_848SDelawareAveSpringfield_JPM_a",NA,2021,NA,NA,NA,37.198641,-93.266678,NA,NA,NA,"WTSP83.wav",1.45020746887967,0.371706628183211,0.689556509298998,8,0.813471502590673,0.188769906850962,0.130167518028846,0.0847979266826923,0.104242037259615,0.0753459284855769,0.139349459134615,0.21064453125,0.124766376201923,0.0546865609975961,0.438311688311688,2,-0.911479453095661,0.0372224316301026,1.2162507538611,0.32508889651279,2,0.987505362897899
"323","Zonotrichia.albicollis_Apr42021_Delaware-FairwayAlleySpringfield_JPM_a",NA,2021,NA,NA,NA,37.198151,-93.266132,NA,NA,NA,"WTSP55.wav",1.01433691756272,0.0142351158218719,0.985865724381626,6,0.409090909090909,0.153637350705755,0.151465798045603,0.0586319218241042,0.143322475570033,0.0374592833876222,0.159609120521173,0.184039087947883,0.0857763300760043,0.0738327904451683,0.860759493670886,0,-2.62416543974194,2.04530084514299,-0.575044352471737,0.0360851850396347,3,0.9998759645834
"324","Zonotrichia.albicollis_Apr52021_CommunityGardenSpringfield_ARP_a",NA,2021,NA,NA,NA,37.189675,-93.281487,NA,NA,NA,"WTSP71_terminal_strophes_retrim2024.wav",1.06382978723404,0.0618754037180872,0.94,13,0.94238683127572,0.147921534267913,0.139046242211838,0.0923837218564146,0.0980316349830077,0.053897228122345,0.145232051826678,0.180733220050977,0.085525541631266,0.0739991883116883,0.865229110512129,1,-1.59704802806653,-1.01915325694844,0.46431620225495,1.18761527234486,1,0.999883221521905
"325","Zonotrichia.albicollis_Apr72021_BlackForestApartmentsStLouis_EYN_a",NA,2021,NA,NA,NA,38.468047,-90.31602,NA,NA,NA,"WTSP14.wav",1.07954545454545,0.0765400771223344,0.926315789473684,8,0.440366972477064,0.154262364498645,0.14289566395664,0.0519620596205962,0.117997177055104,0.0414072662601626,0.133152777777778,0.176995765582656,0.0799728573848239,0.0682002032520325,0.852791878172589,2,-2.78140376538485,1.80733823052467,0.017840624738609,-0.129881578691967,3,0.999709729425324
"326","Zonotrichia.albicollis_Apr72021_ECarringtonHallSpringfield_MDB_a",NA,2021,NA,NA,NA,37.198587,-93.278143,NA,NA,NA,"WTSP84.wav",1.15573770491803,0.144738845644912,0.865248226950355,6,0.75,0.153396584440228,0.132726122707147,0.0562998102466793,0.0750664136622391,0.0456925996204934,0.0864895635673624,0.153396584440228,0.06853889943074,0.0495003162555345,0.722222222222223,0,-2.77930381875798,-0.114426485040371,1.2792174040412,0.361383408300761,1,0.65364013045118
